id_produto,id_categoria,id_marca,id_data,id_loja,id_faixa_preco,quantidade_vendida,preco_unitario,desconto_percentual,valor_bruto,valor_desconto,valor_liquido,status_estoque
1,1,1,20170803,1,3,28,59.9,0,1677.2,0.0,1677.2,Em estoque
1,1,1,20170831,2,3,9,59.9,15,539.1,80.86,458.24,Em estoque
1,1,1,20170926,1,3,23,59.9,5,1377.7,68.89,1308.82,Em estoque
1,1,1,20171021,1,3,7,59.9,0,419.3,0.0,419.3,Em estoque
1,1,1,20171118,1,3,22,59.9,0,1317.8,0.0,1317.8,Em estoque
1,1,1,20171223,4,3,12,59.9,5,718.8,35.94,682.86,Em estoque
1,1,1,20180126,3,3,30,59.9,20,1797.0,359.4,1437.6,Em estoque
1,1,1,20180220,2,3,27,59.9,5,1617.3,80.87,1536.43,Em estoque
1,1,1,20180322,3,3,9,59.9,0,539.1,0.0,539.1,Em estoque
1,1,1,20180421,1,3,7,59.9,5,419.3,20.97,398.34,Em estoque
1,1,1,20180517,3,3,16,59.9,10,958.4,95.84,862.56,Em estoque
1,1,1,20180615,1,3,28,59.9,5,1677.2,83.86,1593.34,Em estoque
1,1,1,20180718,1,3,17,59.9,0,1018.3,0.0,1018.3,Em estoque
1,1,1,20180820,3,3,25,59.9,10,1497.5,149.75,1347.75,Em estoque
1,1,1,20180919,2,3,27,59.9,0,1617.3,0.0,1617.3,Em estoque
1,1,1,20181014,2,3,29,59.9,0,1737.1,0.0,1737.1,Em estoque
1,1,1,20181109,2,3,8,59.9,5,479.2,23.96,455.24,Em estoque
1,1,1,20181208,4,3,25,59.9,20,1497.5,299.5,1198.0,Em estoque
1,1,1,20190107,2,3,16,59.9,0,958.4,0.0,958.4,Em estoque
1,1,1,20190204,3,3,27,59.9,15,1617.3,242.59,1374.7,Em estoque
1,1,1,20190311,1,3,24,59.9,15,1437.6,215.64,1221.96,Em estoque
1,1,1,20190407,2,3,10,59.9,5,599.0,29.95,569.05,Em estoque
1,1,1,20190508,3,3,25,59.9,15,1497.5,224.62,1272.88,Em estoque
1,1,1,20190610,2,3,26,59.9,0,1557.4,0.0,1557.4,Em estoque
1,1,1,20190705,2,3,6,59.9,20,359.4,71.88,287.52,Em estoque
1,1,1,20190804,4,3,13,59.9,0,778.7,0.0,778.7,Em estoque
1,1,1,20190901,3,3,11,59.9,15,658.9,98.83,560.06,Em estoque
1,1,1,20191003,4,3,25,59.9,5,1497.5,74.88,1422.62,Em estoque
1,1,1,20191030,3,3,9,59.9,0,539.1,0.0,539.1,Em estoque
1,1,1,20191202,3,3,28,59.9,10,1677.2,167.72,1509.48,Em estoque
1,1,1,20200102,4,3,16,59.9,0,958.4,0.0,958.4,Em estoque
1,1,1,20200129,4,3,7,59.9,20,419.3,83.86,335.44,Em estoque
1,1,1,20200223,1,3,9,59.9,15,539.1,80.86,458.24,Em estoque
1,1,1,20200321,4,3,24,59.9,0,1437.6,0.0,1437.6,Em estoque
1,1,1,20200421,4,3,24,59.9,5,1437.6,71.88,1365.72,Em estoque
1,1,1,20200524,3,3,22,59.9,20,1317.8,263.56,1054.24,Em estoque
1,1,1,20200618,1,3,26,59.9,10,1557.4,155.74,1401.66,Em estoque
1,1,1,20200717,3,3,8,59.9,0,479.2,0.0,479.2,Em estoque
1,1,1,20200817,2,3,19,59.9,0,1138.1,0.0,1138.1,Em estoque
1,1,1,20200915,2,3,21,59.9,0,1257.9,0.0,1257.9,Em estoque
1,1,1,20201020,3,3,25,59.9,10,1497.5,149.75,1347.75,Em estoque
1,1,1,20201123,2,3,9,59.9,0,539.1,0.0,539.1,Em estoque
1,1,1,20201220,1,3,24,59.9,0,1437.6,0.0,1437.6,Em estoque
1,1,1,20210121,1,3,8,59.9,0,479.2,0.0,479.2,Em estoque
1,1,1,20210219,2,3,6,59.9,0,359.4,0.0,359.4,Em estoque
1,1,1,20210325,1,3,7,59.9,15,419.3,62.89,356.41,Em estoque
1,1,1,20210426,1,3,29,59.9,10,1737.1,173.71,1563.39,Em estoque
1,1,1,20210523,2,3,26,59.9,5,1557.4,77.87,1479.53,Em estoque
1,1,1,20210625,2,3,13,59.9,10,778.7,77.87,700.83,Em estoque
1,1,1,20210729,4,3,11,59.9,10,658.9,65.89,593.01,Em estoque
1,1,1,20210826,3,3,17,59.9,15,1018.3,152.74,865.55,Em estoque
1,1,1,20210930,3,3,19,59.9,10,1138.1,113.81,1024.29,Em estoque
1,1,1,20211101,1,3,12,59.9,0,718.8,0.0,718.8,Em estoque
1,1,1,20211127,3,3,5,59.9,10,299.5,29.95,269.55,Em estoque
1,1,1,20211230,2,3,23,59.9,0,1377.7,0.0,1377.7,Em estoque
1,1,1,20220124,1,3,27,59.9,15,1617.3,242.59,1374.7,Em estoque
1,1,1,20220218,2,3,7,59.9,0,419.3,0.0,419.3,Em estoque
1,1,1,20220320,1,3,21,59.9,0,1257.9,0.0,1257.9,Em estoque
1,1,1,20220418,4,3,11,59.9,10,658.9,65.89,593.01,Em estoque
1,1,1,20220515,4,3,12,59.9,20,718.8,143.76,575.04,Em estoque
1,1,1,20220616,4,3,11,59.9,0,658.9,0.0,658.9,Em estoque
1,1,1,20220712,4,3,16,59.9,5,958.4,47.92,910.48,Em estoque
1,1,1,20220812,4,3,28,59.9,0,1677.2,0.0,1677.2,Em estoque
1,1,1,20220916,1,3,6,59.9,5,359.4,17.97,341.43,Em estoque
1,1,1,20221016,1,3,12,59.9,0,718.8,0.0,718.8,Em estoque
1,1,1,20221113,4,3,9,59.9,5,539.1,26.96,512.14,Em estoque
1,1,1,20221210,3,3,19,59.9,0,1138.1,0.0,1138.1,Em estoque
1,1,1,20230105,4,3,30,59.9,20,1797.0,359.4,1437.6,Em estoque
1,1,1,20230207,1,3,6,59.9,15,359.4,53.91,305.49,Em estoque
1,1,1,20230312,1,3,7,59.9,20,419.3,83.86,335.44,Em estoque
1,1,1,20230409,2,3,18,59.9,5,1078.2,53.91,1024.29,Em estoque
1,1,1,20230511,2,3,17,59.9,0,1018.3,0.0,1018.3,Em estoque
1,1,1,20230607,4,3,5,59.9,5,299.5,14.98,284.52,Em estoque
1,1,1,20230706,4,3,14,59.9,5,838.6,41.93,796.67,Em estoque
1,1,1,20230808,4,3,9,59.9,0,539.1,0.0,539.1,Em estoque
1,1,1,20230906,2,3,6,59.9,10,359.4,35.94,323.46,Em estoque
1,1,1,20231009,1,3,28,59.9,0,1677.2,0.0,1677.2,Em estoque
1,1,1,20231103,1,3,23,59.9,5,1377.7,68.89,1308.82,Em estoque
1,1,1,20231206,2,3,6,59.9,10,359.4,35.94,323.46,Em estoque
1,1,1,20240101,2,3,7,59.9,10,419.3,41.93,377.37,Em estoque
1,1,1,20240127,2,3,17,59.9,0,1018.3,0.0,1018.3,Em estoque
1,1,1,20240301,2,3,23,59.9,10,1377.7,137.77,1239.93,Em estoque
1,1,1,20240326,1,3,18,59.9,15,1078.2,161.73,916.47,Em estoque
1,1,1,20240429,3,3,13,59.9,0,778.7,0.0,778.7,Em estoque
1,1,1,20240603,3,3,12,59.9,0,718.8,0.0,718.8,Em estoque
1,1,1,20240704,2,3,26,59.9,15,1557.4,233.61,1323.79,Em estoque
1,1,1,20240802,4,3,15,59.9,20,898.5,179.7,718.8,Em estoque
1,1,1,20240828,1,3,19,59.9,10,1138.1,113.81,1024.29,Em estoque
1,1,1,20241001,1,3,7,59.9,10,419.3,41.93,377.37,Em estoque
1,1,1,20241029,3,3,9,59.9,0,539.1,0.0,539.1,Em estoque
1,1,1,20241124,2,3,16,59.9,0,958.4,0.0,958.4,Em estoque
1,1,1,20241221,4,3,22,59.9,15,1317.8,197.67,1120.13,Em estoque
1,1,1,20250119,1,3,26,59.9,20,1557.4,311.48,1245.92,Em estoque
1,1,1,20250221,3,3,26,59.9,0,1557.4,0.0,1557.4,Em estoque
1,1,1,20250320,3,3,8,59.9,0,479.2,0.0,479.2,Em estoque
1,1,1,20250422,2,3,13,59.9,0,778.7,0.0,778.7,Em estoque
1,1,1,20250526,2,3,27,59.9,0,1617.3,0.0,1617.3,Em estoque
1,1,1,20250623,3,3,21,59.9,5,1257.9,62.89,1195.0,Em estoque
1,1,1,20250722,1,3,7,59.9,15,419.3,62.89,356.41,Em estoque
1,1,1,20250822,3,3,6,59.9,0,359.4,0.0,359.4,Em estoque
1,1,1,20250921,2,3,25,59.9,0,1497.5,0.0,1497.5,Em estoque
1,1,1,20251018,4,3,22,59.9,15,1317.8,197.67,1120.13,Em estoque
1,1,1,20251118,1,3,8,59.9,0,479.2,0.0,479.2,Em estoque
1,1,1,20251215,1,3,16,59.9,10,958.4,95.84,862.56,Em estoque
1,1,1,20260117,2,3,18,59.9,0,1078.2,0.0,1078.2,Em estoque
1,1,1,20260211,3,3,16,59.9,20,958.4,191.68,766.72,Em estoque
1,1,1,20260308,3,3,11,59.9,15,658.9,98.83,560.06,Em estoque
1,1,1,20260405,1,3,16,59.9,20,958.4,191.68,766.72,Em estoque
1,1,1,20260508,4,3,24,59.9,15,1437.6,215.64,1221.96,Em estoque
1,1,1,20260604,2,3,10,59.9,20,599.0,119.8,479.2,Em estoque
1,1,1,20260701,4,3,5,59.9,0,299.5,0.0,299.5,Em estoque
1,1,1,20260731,4,3,30,59.9,15,1797.0,269.55,1527.45,Em estoque
1,1,1,20260828,3,3,10,59.9,20,599.0,119.8,479.2,Em estoque
2,2,1,20160929,4,6,4,159.0,0,636.0,0.0,636.0,Em estoque
2,2,1,20161031,3,6,5,159.0,20,795.0,159.0,636.0,Em estoque
2,2,1,20161128,2,6,1,159.0,15,159.0,23.85,135.15,Em estoque
2,2,1,20161226,4,6,6,159.0,0,954.0,0.0,954.0,Em estoque
2,2,1,20170121,3,6,6,159.0,15,954.0,143.1,810.9,Em estoque
2,2,1,20170223,4,6,11,159.0,20,1749.0,349.8,1399.2,Em estoque
2,2,1,20170328,3,6,1,159.0,0,159.0,0.0,159.0,Em estoque
2,2,1,20170426,2,6,10,159.0,0,1590.0,0.0,1590.0,Em estoque
2,2,1,20170521,1,6,10,159.0,5,1590.0,79.5,1510.5,Em estoque
2,2,1,20170620,3,6,7,159.0,10,1113.0,111.3,1001.7,Em estoque
2,2,1,20170723,1,6,7,159.0,10,1113.0,111.3,1001.7,Em estoque
2,2,1,20170820,3,6,1,159.0,15,159.0,23.85,135.15,Em estoque
2,2,1,20170920,1,6,9,159.0,20,1431.0,286.2,1144.8,Em estoque
2,2,1,20171023,2,6,6,159.0,5,954.0,47.7,906.3,Em estoque
2,2,1,20171118,3,6,10,159.0,0,1590.0,0.0,1590.0,Em estoque
2,2,1,20171223,1,6,12,159.0,0,1908.0,0.0,1908.0,Em estoque
2,2,1,20180125,3,6,11,159.0,5,1749.0,87.45,1661.55,Em estoque
2,2,1,20180224,4,6,12,159.0,0,1908.0,0.0,1908.0,Em estoque
2,2,1,20180329,2,6,4,159.0,5,636.0,31.8,604.2,Em estoque
2,2,1,20180503,4,6,11,159.0,15,1749.0,262.35,1486.65,Em estoque
2,2,1,20180530,3,6,7,159.0,10,1113.0,111.3,1001.7,Em estoque
2,2,1,20180624,3,6,5,159.0,0,795.0,0.0,795.0,Em estoque
2,2,1,20180725,3,6,8,159.0,5,1272.0,63.6,1208.4,Em estoque
2,2,1,20180826,2,6,9,159.0,5,1431.0,71.55,1359.45,Em estoque
2,2,1,20180922,1,6,5,159.0,10,795.0,79.5,715.5,Em estoque
2,2,1,20181027,3,6,2,159.0,20,318.0,63.6,254.4,Em estoque
2,2,1,20181124,3,6,4,159.0,20,636.0,127.2,508.8,Em estoque
2,2,1,20181222,2,6,1,159.0,0,159.0,0.0,159.0,Em estoque
2,2,1,20190119,4,6,10,159.0,20,1590.0,318.0,1272.0,Em estoque
2,2,1,20190214,4,6,7,159.0,15,1113.0,166.95,946.05,Em estoque
2,2,1,20190320,2,6,12,159.0,15,1908.0,286.2,1621.8,Em estoque
2,2,1,20190420,4,6,7,159.0,0,1113.0,0.0,1113.0,Em estoque
2,2,1,20190517,1,6,15,159.0,20,2385.0,477.0,1908.0,Em estoque
2,2,1,20190612,4,6,4,159.0,0,636.0,0.0,636.0,Em estoque
2,2,1,20190715,4,6,1,159.0,10,159.0,15.9,143.1,Em estoque
2,2,1,20190812,1,6,8,159.0,0,1272.0,0.0,1272.0,Em estoque
2,2,1,20190913,3,6,13,159.0,5,2067.0,103.35,1963.65,Em estoque
2,2,1,20191017,4,6,14,159.0,10,2226.0,222.6,2003.4,Em estoque
2,2,1,20191118,2,6,12,159.0,20,1908.0,381.6,1526.4,Em estoque
2,2,1,20191220,4,6,5,159.0,20,795.0,159.0,636.0,Em estoque
2,2,1,20200117,3,6,13,159.0,20,2067.0,413.4,1653.6,Em estoque
2,2,1,20200219,4,6,11,159.0,0,1749.0,0.0,1749.0,Em estoque
2,2,1,20200319,4,6,2,159.0,15,318.0,47.7,270.3,Em estoque
2,2,1,20200417,2,6,5,159.0,0,795.0,0.0,795.0,Em estoque
2,2,1,20200517,1,6,3,159.0,0,477.0,0.0,477.0,Em estoque
2,2,1,20200614,4,6,12,159.0,0,1908.0,0.0,1908.0,Em estoque
2,2,1,20200712,1,6,7,159.0,5,1113.0,55.65,1057.35,Em estoque
2,2,1,20200811,4,6,7,159.0,0,1113.0,0.0,1113.0,Em estoque
2,2,1,20200908,4,6,7,159.0,20,1113.0,222.6,890.4,Em estoque
2,2,1,20201012,1,6,14,159.0,20,2226.0,445.2,1780.8,Em estoque
2,2,1,20201115,4,6,8,159.0,0,1272.0,0.0,1272.0,Em estoque
2,2,1,20201215,3,6,13,159.0,5,2067.0,103.35,1963.65,Em estoque
2,2,1,20210115,2,6,8,159.0,0,1272.0,0.0,1272.0,Em estoque
2,2,1,20210213,4,6,8,159.0,0,1272.0,0.0,1272.0,Em estoque
2,2,1,20210316,3,6,11,159.0,15,1749.0,262.35,1486.65,Em estoque
2,2,1,20210416,2,6,14,159.0,5,2226.0,111.3,2114.7,Em estoque
2,2,1,20210513,1,6,15,159.0,5,2385.0,119.25,2265.75,Em estoque
2,2,1,20210616,1,6,2,159.0,15,318.0,47.7,270.3,Em estoque
2,2,1,20210717,2,6,14,159.0,5,2226.0,111.3,2114.7,Em estoque
2,2,1,20210813,1,6,5,159.0,5,795.0,39.75,755.25,Em estoque
2,2,1,20210912,2,6,8,159.0,0,1272.0,0.0,1272.0,Em estoque
2,2,1,20211012,4,6,5,159.0,20,795.0,159.0,636.0,Em estoque
2,2,1,20211112,3,6,14,159.0,0,2226.0,0.0,2226.0,Em estoque
2,2,1,20211214,1,6,12,159.0,10,1908.0,190.8,1717.2,Em estoque
2,2,1,20220108,3,6,4,159.0,15,636.0,95.4,540.6,Em estoque
2,2,1,20220203,1,6,13,159.0,0,2067.0,0.0,2067.0,Em estoque
2,2,1,20220303,2,6,14,159.0,0,2226.0,0.0,2226.0,Em estoque
2,2,1,20220406,2,6,4,159.0,0,636.0,0.0,636.0,Em estoque
2,2,1,20220508,1,6,10,159.0,0,1590.0,0.0,1590.0,Em estoque
2,2,1,20220609,3,6,13,159.0,0,2067.0,0.0,2067.0,Em estoque
2,2,1,20220706,1,6,13,159.0,20,2067.0,413.4,1653.6,Em estoque
2,2,1,20220802,3,6,2,159.0,10,318.0,31.8,286.2,Em estoque
2,2,1,20220827,3,6,10,159.0,15,1590.0,238.5,1351.5,Em estoque
2,2,1,20220927,4,6,12,159.0,0,1908.0,0.0,1908.0,Em estoque
2,2,1,20221023,2,6,2,159.0,15,318.0,47.7,270.3,Em estoque
2,2,1,20221121,1,6,13,159.0,10,2067.0,206.7,1860.3,Em estoque
2,2,1,20221216,3,6,9,159.0,5,1431.0,71.55,1359.45,Em estoque
2,2,1,20230120,3,6,2,159.0,10,318.0,31.8,286.2,Em estoque
2,2,1,20230224,3,6,1,159.0,20,159.0,31.8,127.2,Em estoque
2,2,1,20230327,4,6,2,159.0,5,318.0,15.9,302.1,Em estoque
2,2,1,20230426,4,6,12,159.0,0,1908.0,0.0,1908.0,Em estoque
2,2,1,20230527,2,6,12,159.0,10,1908.0,190.8,1717.2,Em estoque
2,2,1,20230701,3,6,10,159.0,20,1590.0,318.0,1272.0,Em estoque
2,2,1,20230803,4,6,8,159.0,5,1272.0,63.6,1208.4,Em estoque
2,2,1,20230906,3,6,6,159.0,20,954.0,190.8,763.2,Em estoque
2,2,1,20231004,1,6,5,159.0,5,795.0,39.75,755.25,Em estoque
2,2,1,20231101,4,6,10,159.0,10,1590.0,159.0,1431.0,Em estoque
2,2,1,20231206,4,6,6,159.0,0,954.0,0.0,954.0,Em estoque
2,2,1,20240107,3,6,3,159.0,5,477.0,23.85,453.15,Em estoque
2,2,1,20240204,3,6,13,159.0,0,2067.0,0.0,2067.0,Em estoque
2,2,1,20240305,3,6,15,159.0,10,2385.0,238.5,2146.5,Em estoque
2,2,1,20240403,1,6,9,159.0,0,1431.0,0.0,1431.0,Em estoque
2,2,1,20240429,2,6,12,159.0,5,1908.0,95.4,1812.6,Em estoque
2,2,1,20240531,2,6,12,159.0,5,1908.0,95.4,1812.6,Em estoque
2,2,1,20240705,4,6,8,159.0,20,1272.0,254.4,1017.6,Em estoque
2,2,1,20240730,1,6,5,159.0,0,795.0,0.0,795.0,Em estoque
2,2,1,20240830,2,6,5,159.0,15,795.0,119.25,675.75,Em estoque
2,2,1,20241003,3,6,8,159.0,10,1272.0,127.2,1144.8,Em estoque
2,2,1,20241105,3,6,7,159.0,15,1113.0,166.95,946.05,Em estoque
2,2,1,20241208,3,6,6,159.0,15,954.0,143.1,810.9,Em estoque
2,2,1,20250109,3,6,5,159.0,0,795.0,0.0,795.0,Em estoque
2,2,1,20250206,1,6,12,159.0,0,1908.0,0.0,1908.0,Em estoque
2,2,1,20250308,1,6,12,159.0,10,1908.0,190.8,1717.2,Em estoque
2,2,1,20250404,2,6,4,159.0,15,636.0,95.4,540.6,Em estoque
2,2,1,20250506,3,6,12,159.0,10,1908.0,190.8,1717.2,Em estoque
2,2,1,20250608,3,6,2,159.0,20,318.0,63.6,254.4,Em estoque
2,2,1,20250706,3,6,4,159.0,0,636.0,0.0,636.0,Em estoque
2,2,1,20250802,3,6,1,159.0,15,159.0,23.85,135.15,Em estoque
2,2,1,20250904,2,6,5,159.0,0,795.0,0.0,795.0,Em estoque
2,2,1,20250929,3,6,12,159.0,0,1908.0,0.0,1908.0,Em estoque
2,2,1,20251103,4,6,2,159.0,20,318.0,63.6,254.4,Em estoque
2,2,1,20251128,3,6,8,159.0,5,1272.0,63.6,1208.4,Em estoque
2,2,1,20251230,3,6,3,159.0,0,477.0,0.0,477.0,Em estoque
2,2,1,20260128,4,6,2,159.0,20,318.0,63.6,254.4,Em estoque
2,2,1,20260223,4,6,8,159.0,0,1272.0,0.0,1272.0,Em estoque
2,2,1,20260329,1,6,3,159.0,0,477.0,0.0,477.0,Em estoque
2,2,1,20260502,3,6,2,159.0,0,318.0,0.0,318.0,Em estoque
2,2,1,20260528,4,6,10,159.0,10,1590.0,159.0,1431.0,Em estoque
2,2,1,20260701,2,6,13,159.0,10,2067.0,206.7,1860.3,Em estoque
2,2,1,20260801,4,6,15,159.0,5,2385.0,119.25,2265.75,Última peça
3,3,1,20170417,1,2,88,29.9,15,2631.2,394.68,2236.52,Em estoque
3,3,1,20170513,2,2,90,29.9,0,2691.0,0.0,2691.0,Em estoque
3,3,1,20170611,1,2,30,29.9,0,897.0,0.0,897.0,Em estoque
3,3,1,20170708,1,2,30,29.9,0,897.0,0.0,897.0,Em estoque
3,3,1,20170808,4,2,98,29.9,10,2930.2,293.02,2637.18,Em estoque
3,3,1,20170909,3,2,14,29.9,0,418.6,0.0,418.6,Em estoque
3,3,1,20171008,3,2,99,29.9,20,2960.1,592.02,2368.08,Em estoque
3,3,1,20171109,1,2,97,29.9,0,2900.3,0.0,2900.3,Em estoque
3,3,1,20171208,2,2,64,29.9,0,1913.6,0.0,1913.6,Em estoque
3,3,1,20180110,2,2,92,29.9,0,2750.8,0.0,2750.8,Em estoque
3,3,1,20180208,2,2,19,29.9,0,568.1,0.0,568.1,Em estoque
3,3,1,20180307,3,2,86,29.9,15,2571.4,385.71,2185.69,Em estoque
3,3,1,20180410,3,2,66,29.9,0,1973.4,0.0,1973.4,Em estoque
3,3,1,20180512,3,2,99,29.9,5,2960.1,148.0,2812.09,Em estoque
3,3,1,20180610,4,2,66,29.9,0,1973.4,0.0,1973.4,Em estoque
3,3,1,20180714,1,2,65,29.9,15,1943.5,291.52,1651.97,Em estoque
3,3,1,20180813,3,2,13,29.9,0,388.7,0.0,388.7,Em estoque
3,3,1,20180910,1,2,96,29.9,20,2870.4,574.08,2296.32,Em estoque
3,3,1,20181009,1,2,32,29.9,5,956.8,47.84,908.96,Em estoque
3,3,1,20181111,4,2,45,29.9,0,1345.5,0.0,1345.5,Em estoque
3,3,1,20181215,4,2,91,29.9,20,2720.9,544.18,2176.72,Em estoque
3,3,1,20190116,1,2,70,29.9,0,2093.0,0.0,2093.0,Em estoque
3,3,1,20190216,3,2,51,29.9,15,1524.9,228.73,1296.16,Em estoque
3,3,1,20190314,2,2,52,29.9,5,1554.8,77.74,1477.06,Em estoque
3,3,1,20190415,3,2,94,29.9,5,2810.6,140.53,2670.07,Em estoque
3,3,1,20190518,1,2,68,29.9,0,2033.2,0.0,2033.2,Em estoque
3,3,1,20190617,3,2,51,29.9,0,1524.9,0.0,1524.9,Em estoque
3,3,1,20190718,1,2,94,29.9,20,2810.6,562.12,2248.48,Em estoque
3,3,1,20190820,4,2,62,29.9,0,1853.8,0.0,1853.8,Em estoque
3,3,1,20190917,3,2,89,29.9,20,2661.1,532.22,2128.88,Em estoque
3,3,1,20191019,4,2,16,29.9,0,478.4,0.0,478.4,Em estoque
3,3,1,20191117,2,2,46,29.9,5,1375.4,68.77,1306.63,Em estoque
3,3,1,20191219,1,2,13,29.9,15,388.7,58.3,330.39,Em estoque
3,3,1,20200122,2,2,100,29.9,0,2990.0,0.0,2990.0,Em estoque
3,3,1,20200220,1,2,80,29.9,5,2392.0,119.6,2272.4,Em estoque
3,3,1,20200317,2,2,24,29.9,5,717.6,35.88,681.72,Em estoque
3,3,1,20200412,2,2,73,29.9,15,2182.7,327.4,1855.29,Em estoque
3,3,1,20200511,3,2,63,29.9,20,1883.7,376.74,1506.96,Em estoque
3,3,1,20200612,4,2,41,29.9,5,1225.9,61.29,1164.6,Em estoque
3,3,1,20200715,2,2,59,29.9,0,1764.1,0.0,1764.1,Em estoque
3,3,1,20200818,2,2,18,29.9,0,538.2,0.0,538.2,Em estoque
3,3,1,20200918,3,2,74,29.9,0,2212.6,0.0,2212.6,Em estoque
3,3,1,20201013,3,2,48,29.9,20,1435.2,287.04,1148.16,Em estoque
3,3,1,20201116,4,2,29,29.9,5,867.1,43.35,823.74,Em estoque
3,3,1,20201219,4,2,54,29.9,0,1614.6,0.0,1614.6,Em estoque
3,3,1,20210121,4,2,68,29.9,0,2033.2,0.0,2033.2,Em estoque
3,3,1,20210218,2,2,83,29.9,5,2481.7,124.08,2357.61,Em estoque
3,3,1,20210318,4,2,15,29.9,0,448.5,0.0,448.5,Em estoque
3,3,1,20210419,4,2,59,29.9,15,1764.1,264.61,1499.48,Em estoque
3,3,1,20210524,2,2,73,29.9,0,2182.7,0.0,2182.7,Em estoque
3,3,1,20210620,3,2,22,29.9,20,657.8,131.56,526.24,Em estoque
3,3,1,20210722,1,2,77,29.9,5,2302.3,115.11,2187.18,Em estoque
3,3,1,20210816,2,2,62,29.9,20,1853.8,370.76,1483.04,Em estoque
3,3,1,20210920,2,2,19,29.9,5,568.1,28.41,539.7,Em estoque
3,3,1,20211019,3,2,89,29.9,15,2661.1,399.16,2261.93,Em estoque
3,3,1,20211119,1,2,52,29.9,20,1554.8,310.96,1243.84,Em estoque
3,3,1,20211224,4,2,50,29.9,15,1495.0,224.25,1270.75,Em estoque
3,3,1,20220125,1,2,89,29.9,0,2661.1,0.0,2661.1,Em estoque
3,3,1,20220222,3,2,39,29.9,15,1166.1,174.91,991.18,Em estoque
3,3,1,20220320,4,2,22,29.9,20,657.8,131.56,526.24,Em estoque
3,3,1,20220424,1,2,66,29.9,0,1973.4,0.0,1973.4,Em estoque
3,3,1,20220523,1,2,15,29.9,0,448.5,0.0,448.5,Em estoque
3,3,1,20220617,3,2,55,29.9,0,1644.5,0.0,1644.5,Em estoque
3,3,1,20220718,2,2,41,29.9,10,1225.9,122.59,1103.31,Em estoque
3,3,1,20220818,2,2,31,29.9,0,926.9,0.0,926.9,Em estoque
3,3,1,20220913,4,2,89,29.9,15,2661.1,399.16,2261.93,Em estoque
3,3,1,20221011,4,2,84,29.9,0,2511.6,0.0,2511.6,Em estoque
3,3,1,20221108,4,2,91,29.9,0,2720.9,0.0,2720.9,Em estoque
3,3,1,20221210,3,2,95,29.9,0,2840.5,0.0,2840.5,Em estoque
3,3,1,20230111,3,2,96,29.9,10,2870.4,287.04,2583.36,Em estoque
3,3,1,20230207,1,2,66,29.9,0,1973.4,0.0,1973.4,Em estoque
3,3,1,20230313,3,2,91,29.9,5,2720.9,136.05,2584.86,Em estoque
3,3,1,20230411,4,2,48,29.9,0,1435.2,0.0,1435.2,Em estoque
3,3,1,20230512,4,2,23,29.9,0,687.7,0.0,687.7,Em estoque
3,3,1,20230612,3,2,83,29.9,0,2481.7,0.0,2481.7,Em estoque
3,3,1,20230711,1,2,94,29.9,5,2810.6,140.53,2670.07,Em estoque
3,3,1,20230809,1,2,82,29.9,20,2451.8,490.36,1961.44,Em estoque
3,3,1,20230913,1,2,87,29.9,15,2601.3,390.19,2211.1,Em estoque
3,3,1,20231015,3,2,39,29.9,10,1166.1,116.61,1049.49,Em estoque
3,3,1,20231114,2,2,91,29.9,0,2720.9,0.0,2720.9,Em estoque
3,3,1,20231218,3,2,96,29.9,20,2870.4,574.08,2296.32,Em estoque
3,3,1,20240122,2,2,90,29.9,0,2691.0,0.0,2691.0,Em estoque
3,3,1,20240226,1,2,49,29.9,20,1465.1,293.02,1172.08,Em estoque
3,3,1,20240329,1,2,84,29.9,0,2511.6,0.0,2511.6,Em estoque
3,3,1,20240425,1,2,47,29.9,0,1405.3,0.0,1405.3,Em estoque
3,3,1,20240526,2,2,35,29.9,0,1046.5,0.0,1046.5,Em estoque
3,3,1,20240628,3,2,77,29.9,10,2302.3,230.23,2072.07,Em estoque
3,3,1,20240727,2,2,42,29.9,20,1255.8,251.16,1004.64,Em estoque
3,3,1,20240828,3,2,53,29.9,20,1584.7,316.94,1267.76,Em estoque
3,3,1,20240923,4,2,19,29.9,0,568.1,0.0,568.1,Em estoque
3,3,1,20241021,4,2,81,29.9,0,2421.9,0.0,2421.9,Em estoque
3,3,1,20241116,4,2,11,29.9,0,328.9,0.0,328.9,Em estoque
3,3,1,20241219,1,2,68,29.9,0,2033.2,0.0,2033.2,Em estoque
3,3,1,20250123,3,2,84,29.9,5,2511.6,125.58,2386.02,Em estoque
3,3,1,20250227,3,2,23,29.9,15,687.7,103.15,584.54,Em estoque
3,3,1,20250327,4,2,13,29.9,10,388.7,38.87,349.83,Em estoque
3,3,1,20250429,3,2,88,29.9,0,2631.2,0.0,2631.2,Em estoque
3,3,1,20250603,1,2,91,29.9,20,2720.9,544.18,2176.72,Em estoque
3,3,1,20250705,3,2,93,29.9,5,2780.7,139.03,2641.66,Em estoque
3,3,1,20250731,2,2,15,29.9,0,448.5,0.0,448.5,Em estoque
3,3,1,20250829,4,2,24,29.9,0,717.6,0.0,717.6,Em estoque
3,3,1,20250926,2,2,59,29.9,5,1764.1,88.2,1675.89,Em estoque
3,3,1,20251026,4,2,85,29.9,15,2541.5,381.22,2160.28,Em estoque
3,3,1,20251122,4,2,93,29.9,0,2780.7,0.0,2780.7,Em estoque
3,3,1,20251224,4,2,45,29.9,0,1345.5,0.0,1345.5,Em estoque
3,3,1,20260123,2,2,66,29.9,5,1973.4,98.67,1874.73,Em estoque
3,3,1,20260220,3,2,22,29.9,15,657.8,98.67,559.13,Em estoque
3,3,1,20260322,3,2,17,29.9,5,508.3,25.41,482.88,Em estoque
3,3,1,20260420,2,2,25,29.9,20,747.5,149.5,598.0,Em estoque
3,3,1,20260522,1,2,94,29.9,0,2810.6,0.0,2810.6,Em estoque
3,3,1,20260626,1,2,16,29.9,20,478.4,95.68,382.72,Em estoque
3,3,1,20260726,2,2,26,29.9,20,777.4,155.48,621.92,Em estoque
4,4,1,20161224,2,2,85,29.9,0,2541.5,0.0,2541.5,Em estoque
4,4,1,20170121,3,2,28,29.9,20,837.2,167.44,669.76,Em estoque
4,4,1,20170224,1,2,45,29.9,20,1345.5,269.1,1076.4,Em estoque
4,4,1,20170323,2,2,79,29.9,0,2362.1,0.0,2362.1,Em estoque
4,4,1,20170419,1,2,94,29.9,20,2810.6,562.12,2248.48,Em estoque
4,4,1,20170514,2,2,11,29.9,0,328.9,0.0,328.9,Em estoque
4,4,1,20170611,3,2,12,29.9,0,358.8,0.0,358.8,Em estoque
4,4,1,20170710,1,2,26,29.9,15,777.4,116.61,660.79,Em estoque
4,4,1,20170810,1,2,18,29.9,5,538.2,26.91,511.29,Em estoque
4,4,1,20170911,3,2,75,29.9,10,2242.5,224.25,2018.25,Em estoque
4,4,1,20171007,4,2,74,29.9,0,2212.6,0.0,2212.6,Em estoque
4,4,1,20171110,1,2,94,29.9,10,2810.6,281.06,2529.54,Em estoque
4,4,1,20171209,4,2,92,29.9,0,2750.8,0.0,2750.8,Em estoque
4,4,1,20180103,4,2,61,29.9,5,1823.9,91.19,1732.7,Em estoque
4,4,1,20180207,1,2,72,29.9,15,2152.8,322.92,1829.88,Em estoque
4,4,1,20180311,1,2,20,29.9,0,598.0,0.0,598.0,Em estoque
4,4,1,20180414,2,2,18,29.9,0,538.2,0.0,538.2,Em estoque
4,4,1,20180513,3,2,58,29.9,10,1734.2,173.42,1560.78,Em estoque
4,4,1,20180615,3,2,68,29.9,10,2033.2,203.32,1829.88,Em estoque
4,4,1,20180719,4,2,22,29.9,20,657.8,131.56,526.24,Em estoque
4,4,1,20180814,2,2,65,29.9,5,1943.5,97.18,1846.33,Em estoque
4,4,1,20180911,4,2,53,29.9,20,1584.7,316.94,1267.76,Em estoque
4,4,1,20181013,4,2,63,29.9,15,1883.7,282.55,1601.14,Em estoque
4,4,1,20181108,3,2,64,29.9,0,1913.6,0.0,1913.6,Em estoque
4,4,1,20181213,3,2,57,29.9,0,1704.3,0.0,1704.3,Em estoque
4,4,1,20190117,4,2,18,29.9,0,538.2,0.0,538.2,Em estoque
4,4,1,20190212,1,2,65,29.9,0,1943.5,0.0,1943.5,Em estoque
4,4,1,20190314,2,2,81,29.9,0,2421.9,0.0,2421.9,Em estoque
4,4,1,20190417,3,2,95,29.9,0,2840.5,0.0,2840.5,Em estoque
4,4,1,20190518,3,2,95,29.9,20,2840.5,568.1,2272.4,Em estoque
4,4,1,20190618,1,2,46,29.9,10,1375.4,137.54,1237.86,Em estoque
4,4,1,20190717,3,2,23,29.9,10,687.7,68.77,618.93,Em estoque
4,4,1,20190819,2,2,29,29.9,15,867.1,130.06,737.03,Em estoque
4,4,1,20190920,2,2,23,29.9,0,687.7,0.0,687.7,Em estoque
4,4,1,20191023,3,2,24,29.9,20,717.6,143.52,574.08,Em estoque
4,4,1,20191121,2,2,64,29.9,20,1913.6,382.72,1530.88,Em estoque
4,4,1,20191224,1,2,87,29.9,15,2601.3,390.19,2211.1,Em estoque
4,4,1,20200122,1,2,33,29.9,0,986.7,0.0,986.7,Em estoque
4,4,1,20200220,3,2,54,29.9,0,1614.6,0.0,1614.6,Em estoque
4,4,1,20200318,2,2,82,29.9,15,2451.8,367.77,2084.03,Em estoque
4,4,1,20200418,1,2,28,29.9,15,837.2,125.58,711.62,Em estoque
4,4,1,20200523,1,2,21,29.9,15,627.9,94.18,533.72,Em estoque
4,4,1,20200625,2,2,58,29.9,5,1734.2,86.71,1647.49,Em estoque
4,4,1,20200727,3,2,30,29.9,0,897.0,0.0,897.0,Em estoque
4,4,1,20200825,3,2,82,29.9,10,2451.8,245.18,2206.62,Em estoque
4,4,1,20200920,1,2,29,29.9,0,867.1,0.0,867.1,Em estoque
4,4,1,20201024,1,2,96,29.9,0,2870.4,0.0,2870.4,Em estoque
4,4,1,20201122,4,2,94,29.9,5,2810.6,140.53,2670.07,Em estoque
4,4,1,20201224,4,2,63,29.9,0,1883.7,0.0,1883.7,Em estoque
4,4,1,20210121,1,2,54,29.9,5,1614.6,80.73,1533.87,Em estoque
4,4,1,20210216,3,2,96,29.9,15,2870.4,430.56,2439.84,Em estoque
4,4,1,20210322,4,2,77,29.9,15,2302.3,345.34,1956.95,Em estoque
4,4,1,20210420,1,2,38,29.9,5,1136.2,56.81,1079.39,Em estoque
4,4,1,20210524,1,2,10,29.9,0,299.0,0.0,299.0,Em estoque
4,4,1,20210622,2,2,27,29.9,20,807.3,161.46,645.84,Em estoque
4,4,1,20210721,3,2,51,29.9,0,1524.9,0.0,1524.9,Em estoque
4,4,1,20210815,4,2,65,29.9,0,1943.5,0.0,1943.5,Em estoque
4,4,1,20210911,4,2,78,29.9,15,2332.2,349.83,1982.37,Em estoque
4,4,1,20211009,3,2,19,29.9,5,568.1,28.41,539.7,Em estoque
4,4,1,20211103,4,2,12,29.9,5,358.8,17.94,340.86,Em estoque
4,4,1,20211129,3,2,83,29.9,5,2481.7,124.08,2357.61,Em estoque
4,4,1,20220102,4,2,100,29.9,15,2990.0,448.5,2541.5,Em estoque
4,4,1,20220202,3,2,24,29.9,5,717.6,35.88,681.72,Em estoque
4,4,1,20220227,3,2,31,29.9,20,926.9,185.38,741.52,Em estoque
4,4,1,20220402,4,2,98,29.9,0,2930.2,0.0,2930.2,Em estoque
4,4,1,20220428,4,2,23,29.9,0,687.7,0.0,687.7,Em estoque
4,4,1,20220529,4,2,77,29.9,0,2302.3,0.0,2302.3,Em estoque
4,4,1,20220629,3,2,53,29.9,0,1584.7,0.0,1584.7,Em estoque
4,4,1,20220729,2,2,19,29.9,10,568.1,56.81,511.29,Em estoque
4,4,1,20220902,1,2,77,29.9,10,2302.3,230.23,2072.07,Em estoque
4,4,1,20220930,3,2,54,29.9,15,1614.6,242.19,1372.41,Em estoque
4,4,1,20221104,2,2,40,29.9,0,1196.0,0.0,1196.0,Em estoque
4,4,1,20221201,3,2,35,29.9,0,1046.5,0.0,1046.5,Em estoque
4,4,1,20230104,2,2,93,29.9,0,2780.7,0.0,2780.7,Em estoque
4,4,1,20230131,4,2,69,29.9,20,2063.1,412.62,1650.48,Em estoque
4,4,1,20230306,4,2,97,29.9,10,2900.3,290.03,2610.27,Em estoque
4,4,1,20230410,3,2,90,29.9,0,2691.0,0.0,2691.0,Em estoque
4,4,1,20230507,4,2,18,29.9,5,538.2,26.91,511.29,Em estoque
4,4,1,20230608,3,2,45,29.9,10,1345.5,134.55,1210.95,Em estoque
4,4,1,20230703,3,2,74,29.9,0,2212.6,0.0,2212.6,Em estoque
4,4,1,20230801,4,2,67,29.9,0,2003.3,0.0,2003.3,Em estoque
4,4,1,20230826,3,2,46,29.9,0,1375.4,0.0,1375.4,Em estoque
4,4,1,20230930,1,2,88,29.9,10,2631.2,263.12,2368.08,Em estoque
4,4,1,20231102,4,2,69,29.9,10,2063.1,206.31,1856.79,Em estoque
4,4,1,20231205,1,2,67,29.9,20,2003.3,400.66,1602.64,Em estoque
4,4,1,20240108,2,2,51,29.9,10,1524.9,152.49,1372.41,Em estoque
4,4,1,20240209,2,2,17,29.9,5,508.3,25.41,482.88,Em estoque
4,4,1,20240306,3,2,20,29.9,10,598.0,59.8,538.2,Em estoque
4,4,1,20240410,2,2,15,29.9,0,448.5,0.0,448.5,Em estoque
4,4,1,20240512,4,2,77,29.9,10,2302.3,230.23,2072.07,Em estoque
4,4,1,20240615,2,2,56,29.9,0,1674.4,0.0,1674.4,Em estoque
4,4,1,20240714,4,2,62,29.9,20,1853.8,370.76,1483.04,Em estoque
4,4,1,20240813,1,2,90,29.9,15,2691.0,403.65,2287.35,Em estoque
4,4,1,20240912,1,2,52,29.9,0,1554.8,0.0,1554.8,Em estoque
4,4,1,20241015,4,2,46,29.9,0,1375.4,0.0,1375.4,Em estoque
4,4,1,20241119,2,2,52,29.9,0,1554.8,0.0,1554.8,Em estoque
4,4,1,20241223,2,2,54,29.9,0,1614.6,0.0,1614.6,Em estoque
4,4,1,20250127,4,2,26,29.9,10,777.4,77.74,699.66,Em estoque
4,4,1,20250222,3,2,81,29.9,5,2421.9,121.1,2300.81,Em estoque
4,4,1,20250329,3,2,26,29.9,15,777.4,116.61,660.79,Em estoque
4,4,1,20250503,1,2,92,29.9,15,2750.8,412.62,2338.18,Em estoque
4,4,1,20250603,3,2,12,29.9,0,358.8,0.0,358.8,Em estoque
4,4,1,20250702,2,2,37,29.9,0,1106.3,0.0,1106.3,Em estoque
4,4,1,20250803,2,2,38,29.9,0,1136.2,0.0,1136.2,Em estoque
4,4,1,20250830,1,2,47,29.9,20,1405.3,281.06,1124.24,Em estoque
4,4,1,20250925,1,2,94,29.9,0,2810.6,0.0,2810.6,Em estoque
4,4,1,20251029,2,2,86,29.9,5,2571.4,128.57,2442.83,Em estoque
4,4,1,20251125,2,2,33,29.9,20,986.7,197.34,789.36,Em estoque
4,4,1,20251229,2,2,66,29.9,0,1973.4,0.0,1973.4,Em estoque
4,4,1,20260129,3,2,96,29.9,15,2870.4,430.56,2439.84,Em estoque
4,4,1,20260226,4,2,88,29.9,0,2631.2,0.0,2631.2,Em estoque
4,4,1,20260330,2,2,78,29.9,0,2332.2,0.0,2332.2,Em estoque
4,4,1,20260428,4,2,34,29.9,0,1016.6,0.0,1016.6,Em estoque
4,4,1,20260602,4,2,69,29.9,20,2063.1,412.62,1650.48,Em estoque
4,4,1,20260701,4,2,74,29.9,10,2212.6,221.26,1991.34,Em estoque
4,4,1,20260801,2,2,35,29.9,20,1046.5,209.3,837.2,Em estoque
5,4,1,20161119,3,2,16,29.9,15,478.4,71.76,406.64,Em estoque
5,4,1,20161221,3,2,80,29.9,0,2392.0,0.0,2392.0,Em estoque
5,4,1,20170123,1,2,46,29.9,0,1375.4,0.0,1375.4,Em estoque
5,4,1,20170219,3,2,67,29.9,10,2003.3,200.33,1802.97,Em estoque
5,4,1,20170318,4,2,21,29.9,0,627.9,0.0,627.9,Em estoque
5,4,1,20170419,3,2,13,29.9,5,388.7,19.44,369.26,Em estoque
5,4,1,20170514,4,2,74,29.9,0,2212.6,0.0,2212.6,Em estoque
5,4,1,20170611,4,2,20,29.9,0,598.0,0.0,598.0,Em estoque
5,4,1,20170709,1,2,50,29.9,0,1495.0,0.0,1495.0,Em estoque
5,4,1,20170813,3,2,28,29.9,0,837.2,0.0,837.2,Em estoque
5,4,1,20170907,3,2,70,29.9,15,2093.0,313.95,1779.05,Em estoque
5,4,1,20171004,4,2,67,29.9,10,2003.3,200.33,1802.97,Em estoque
5,4,1,20171029,1,2,12,29.9,0,358.8,0.0,358.8,Em estoque
5,4,1,20171126,2,2,80,29.9,15,2392.0,358.8,2033.2,Em estoque
5,4,1,20171230,4,2,24,29.9,20,717.6,143.52,574.08,Em estoque
5,4,1,20180128,2,2,48,29.9,0,1435.2,0.0,1435.2,Em estoque
5,4,1,20180222,2,2,63,29.9,15,1883.7,282.55,1601.14,Em estoque
5,4,1,20180328,4,2,18,29.9,0,538.2,0.0,538.2,Em estoque
5,4,1,20180429,1,2,90,29.9,10,2691.0,269.1,2421.9,Em estoque
5,4,1,20180602,2,2,28,29.9,0,837.2,0.0,837.2,Em estoque
5,4,1,20180703,1,2,88,29.9,0,2631.2,0.0,2631.2,Em estoque
5,4,1,20180731,4,2,33,29.9,15,986.7,148.0,838.69,Em estoque
5,4,1,20180904,1,2,77,29.9,0,2302.3,0.0,2302.3,Em estoque
5,4,1,20180930,1,2,59,29.9,20,1764.1,352.82,1411.28,Em estoque
5,4,1,20181101,1,2,91,29.9,5,2720.9,136.05,2584.86,Em estoque
5,4,1,20181201,3,2,12,29.9,0,358.8,0.0,358.8,Em estoque
5,4,1,20181227,3,2,40,29.9,15,1196.0,179.4,1016.6,Em estoque
5,4,1,20190131,1,2,84,29.9,15,2511.6,376.74,2134.86,Em estoque
5,4,1,20190302,2,2,15,29.9,0,448.5,0.0,448.5,Em estoque
5,4,1,20190404,3,2,92,29.9,0,2750.8,0.0,2750.8,Em estoque
5,4,1,20190509,4,2,99,29.9,5,2960.1,148.0,2812.09,Em estoque
5,4,1,20190613,2,2,27,29.9,0,807.3,0.0,807.3,Em estoque
5,4,1,20190715,1,2,47,29.9,0,1405.3,0.0,1405.3,Em estoque
5,4,1,20190809,2,2,15,29.9,0,448.5,0.0,448.5,Em estoque
5,4,1,20190907,4,2,79,29.9,5,2362.1,118.11,2243.99,Em estoque
5,4,1,20191006,1,2,92,29.9,0,2750.8,0.0,2750.8,Em estoque
5,4,1,20191104,3,2,16,29.9,20,478.4,95.68,382.72,Em estoque
5,4,1,20191209,3,2,44,29.9,0,1315.6,0.0,1315.6,Em estoque
5,4,1,20200108,4,2,61,29.9,15,1823.9,273.58,1550.31,Em estoque
5,4,1,20200209,4,2,53,29.9,0,1584.7,0.0,1584.7,Em estoque
5,4,1,20200312,4,2,57,29.9,20,1704.3,340.86,1363.44,Em estoque
5,4,1,20200414,3,2,20,29.9,15,598.0,89.7,508.3,Em estoque
5,4,1,20200515,1,2,65,29.9,10,1943.5,194.35,1749.15,Em estoque
5,4,1,20200611,3,2,51,29.9,0,1524.9,0.0,1524.9,Em estoque
5,4,1,20200707,3,2,94,29.9,0,2810.6,0.0,2810.6,Em estoque
5,4,1,20200805,4,2,87,29.9,15,2601.3,390.19,2211.1,Em estoque
5,4,1,20200905,2,2,98,29.9,5,2930.2,146.51,2783.69,Em estoque
5,4,1,20201005,4,2,15,29.9,15,448.5,67.27,381.23,Em estoque
5,4,1,20201104,4,2,45,29.9,15,1345.5,201.82,1143.67,Em estoque
5,4,1,20201129,1,2,95,29.9,15,2840.5,426.07,2414.43,Em estoque
5,4,1,20201230,3,2,75,29.9,20,2242.5,448.5,1794.0,Em estoque
5,4,1,20210203,2,2,13,29.9,0,388.7,0.0,388.7,Em estoque
5,4,1,20210309,4,2,14,29.9,0,418.6,0.0,418.6,Em estoque
5,4,1,20210404,2,2,92,29.9,0,2750.8,0.0,2750.8,Em estoque
5,4,1,20210504,4,2,82,29.9,0,2451.8,0.0,2451.8,Em estoque
5,4,1,20210607,2,2,96,29.9,5,2870.4,143.52,2726.88,Em estoque
5,4,1,20210707,3,2,66,29.9,20,1973.4,394.68,1578.72,Em estoque
5,4,1,20210802,2,2,77,29.9,0,2302.3,0.0,2302.3,Em estoque
5,4,1,20210902,3,2,93,29.9,0,2780.7,0.0,2780.7,Em estoque
5,4,1,20210930,1,2,13,29.9,15,388.7,58.3,330.39,Em estoque
5,4,1,20211027,4,2,76,29.9,5,2272.4,113.62,2158.78,Em estoque
5,4,1,20211129,1,2,43,29.9,20,1285.7,257.14,1028.56,Em estoque
5,4,1,20211228,4,2,37,29.9,10,1106.3,110.63,995.67,Em estoque
5,4,1,20220126,4,2,35,29.9,0,1046.5,0.0,1046.5,Em estoque
5,4,1,20220222,1,2,67,29.9,0,2003.3,0.0,2003.3,Em estoque
5,4,1,20220326,1,2,97,29.9,20,2900.3,580.06,2320.24,Em estoque
5,4,1,20220425,3,2,100,29.9,0,2990.0,0.0,2990.0,Em estoque
5,4,1,20220528,3,2,48,29.9,20,1435.2,287.04,1148.16,Em estoque
5,4,1,20220624,2,2,56,29.9,10,1674.4,167.44,1506.96,Em estoque
5,4,1,20220722,1,2,35,29.9,20,1046.5,209.3,837.2,Em estoque
5,4,1,20220818,2,2,73,29.9,0,2182.7,0.0,2182.7,Em estoque
5,4,1,20220917,3,2,69,29.9,20,2063.1,412.62,1650.48,Em estoque
5,4,1,20221020,2,2,88,29.9,0,2631.2,0.0,2631.2,Em estoque
5,4,1,20221115,3,2,60,29.9,15,1794.0,269.1,1524.9,Em estoque
5,4,1,20221217,4,2,62,29.9,20,1853.8,370.76,1483.04,Em estoque
5,4,1,20230120,1,2,26,29.9,0,777.4,0.0,777.4,Em estoque
5,4,1,20230224,1,2,67,29.9,5,2003.3,100.17,1903.13,Em estoque
5,4,1,20230331,3,2,26,29.9,20,777.4,155.48,621.92,Em estoque
5,4,1,20230503,2,2,26,29.9,5,777.4,38.87,738.53,Em estoque
5,4,1,20230605,1,2,25,29.9,10,747.5,74.75,672.75,Em estoque
5,4,1,20230702,3,2,31,29.9,0,926.9,0.0,926.9,Em estoque
5,4,1,20230801,2,2,54,29.9,10,1614.6,161.46,1453.14,Em estoque
5,4,1,20230830,1,2,42,29.9,0,1255.8,0.0,1255.8,Em estoque
5,4,1,20231004,3,2,26,29.9,15,777.4,116.61,660.79,Em estoque
5,4,1,20231102,1,2,74,29.9,15,2212.6,331.89,1880.71,Em estoque
5,4,1,20231129,2,2,31,29.9,15,926.9,139.03,787.87,Em estoque
5,4,1,20240102,3,2,82,29.9,0,2451.8,0.0,2451.8,Em estoque
5,4,1,20240127,1,2,15,29.9,15,448.5,67.27,381.23,Em estoque
5,4,1,20240301,3,2,93,29.9,0,2780.7,0.0,2780.7,Em estoque
5,4,1,20240404,4,2,89,29.9,15,2661.1,399.16,2261.93,Em estoque
5,4,1,20240429,4,2,90,29.9,10,2691.0,269.1,2421.9,Em estoque
5,4,1,20240528,3,2,71,29.9,0,2122.9,0.0,2122.9,Em estoque
5,4,1,20240702,4,2,48,29.9,5,1435.2,71.76,1363.44,Em estoque
5,4,1,20240728,1,2,30,29.9,5,897.0,44.85,852.15,Em estoque
5,4,1,20240828,4,2,69,29.9,0,2063.1,0.0,2063.1,Em estoque
5,4,1,20240927,2,2,50,29.9,20,1495.0,299.0,1196.0,Em estoque
5,4,1,20241027,3,2,61,29.9,0,1823.9,0.0,1823.9,Em estoque
5,4,1,20241126,1,2,50,29.9,0,1495.0,0.0,1495.0,Em estoque
5,4,1,20241228,1,2,44,29.9,5,1315.6,65.78,1249.82,Em estoque
5,4,1,20250125,2,2,22,29.9,0,657.8,0.0,657.8,Em estoque
5,4,1,20250223,4,2,88,29.9,5,2631.2,131.56,2499.64,Em estoque
5,4,1,20250323,2,2,51,29.9,10,1524.9,152.49,1372.41,Em estoque
5,4,1,20250422,2,2,30,29.9,5,897.0,44.85,852.15,Em estoque
5,4,1,20250525,4,2,73,29.9,0,2182.7,0.0,2182.7,Em estoque
5,4,1,20250626,1,2,21,29.9,5,627.9,31.39,596.5,Em estoque
5,4,1,20250729,4,2,40,29.9,0,1196.0,0.0,1196.0,Em estoque
5,4,1,20250901,3,2,16,29.9,0,478.4,0.0,478.4,Em estoque
5,4,1,20250930,4,2,86,29.9,20,2571.4,514.28,2057.12,Em estoque
5,4,1,20251104,4,2,46,29.9,10,1375.4,137.54,1237.86,Em estoque
5,4,1,20251129,1,2,65,29.9,0,1943.5,0.0,1943.5,Em estoque
5,4,1,20251228,3,2,61,29.9,0,1823.9,0.0,1823.9,Em estoque
5,4,1,20260122,4,2,16,29.9,10,478.4,47.84,430.56,Em estoque
5,4,1,20260224,2,2,56,29.9,10,1674.4,167.44,1506.96,Em estoque
5,4,1,20260325,1,2,59,29.9,10,1764.1,176.41,1587.69,Em estoque
5,4,1,20260426,3,2,89,29.9,15,2661.1,399.16,2261.93,Em estoque
5,4,1,20260530,1,2,26,29.9,0,777.4,0.0,777.4,Em estoque
5,4,1,20260630,3,2,53,29.9,10,1584.7,158.47,1426.23,Em estoque
5,4,1,20260730,2,2,35,29.9,10,1046.5,104.65,941.85,Em estoque
6,4,1,20170403,1,2,15,29.9,0,448.5,0.0,448.5,Em estoque
6,4,1,20170430,3,2,70,29.9,10,2093.0,209.3,1883.7,Em estoque
6,4,1,20170601,2,2,87,29.9,10,2601.3,260.13,2341.17,Em estoque
6,4,1,20170628,3,2,88,29.9,0,2631.2,0.0,2631.2,Em estoque
6,4,1,20170725,4,2,88,29.9,15,2631.2,394.68,2236.52,Em estoque
6,4,1,20170823,3,2,74,29.9,20,2212.6,442.52,1770.08,Em estoque
6,4,1,20170925,4,2,100,29.9,10,2990.0,299.0,2691.0,Em estoque
6,4,1,20171024,4,2,12,29.9,0,358.8,0.0,358.8,Em estoque
6,4,1,20171123,1,2,63,29.9,10,1883.7,188.37,1695.33,Em estoque
6,4,1,20171222,1,2,86,29.9,5,2571.4,128.57,2442.83,Em estoque
6,4,1,20180120,2,2,16,29.9,10,478.4,47.84,430.56,Em estoque
6,4,1,20180221,2,2,77,29.9,15,2302.3,345.34,1956.95,Em estoque
6,4,1,20180327,4,2,28,29.9,20,837.2,167.44,669.76,Em estoque
6,4,1,20180501,2,2,14,29.9,10,418.6,41.86,376.74,Em estoque
6,4,1,20180527,2,2,12,29.9,5,358.8,17.94,340.86,Em estoque
6,4,1,20180626,4,2,29,29.9,5,867.1,43.35,823.74,Em estoque
6,4,1,20180724,4,2,74,29.9,20,2212.6,442.52,1770.08,Em estoque
6,4,1,20180827,4,2,17,29.9,15,508.3,76.24,432.05,Em estoque
6,4,1,20180923,2,2,81,29.9,0,2421.9,0.0,2421.9,Em estoque
6,4,1,20181028,4,2,77,29.9,5,2302.3,115.11,2187.18,Em estoque
6,4,1,20181127,2,2,68,29.9,10,2033.2,203.32,1829.88,Em estoque
6,4,1,20181227,3,2,96,29.9,20,2870.4,574.08,2296.32,Em estoque
6,4,1,20190131,3,2,88,29.9,5,2631.2,131.56,2499.64,Em estoque
6,4,1,20190228,2,2,45,29.9,10,1345.5,134.55,1210.95,Em estoque
6,4,1,20190329,2,2,48,29.9,20,1435.2,287.04,1148.16,Em estoque
6,4,1,20190427,2,2,98,29.9,15,2930.2,439.53,2490.67,Em estoque
6,4,1,20190529,3,2,71,29.9,0,2122.9,0.0,2122.9,Em estoque
6,4,1,20190701,3,2,46,29.9,0,1375.4,0.0,1375.4,Em estoque
6,4,1,20190804,4,2,60,29.9,20,1794.0,358.8,1435.2,Em estoque
6,4,1,20190903,2,2,47,29.9,0,1405.3,0.0,1405.3,Em estoque
6,4,1,20191002,1,2,54,29.9,5,1614.6,80.73,1533.87,Em estoque
6,4,1,20191106,3,2,71,29.9,0,2122.9,0.0,2122.9,Em estoque
6,4,1,20191204,3,2,81,29.9,15,2421.9,363.29,2058.62,Em estoque
6,4,1,20200102,2,2,23,29.9,10,687.7,68.77,618.93,Em estoque
6,4,1,20200205,2,2,41,29.9,0,1225.9,0.0,1225.9,Em estoque
6,4,1,20200311,2,2,91,29.9,0,2720.9,0.0,2720.9,Em estoque
6,4,1,20200405,1,2,62,29.9,0,1853.8,0.0,1853.8,Em estoque
6,4,1,20200507,1,2,97,29.9,20,2900.3,580.06,2320.24,Em estoque
6,4,1,20200603,1,2,80,29.9,0,2392.0,0.0,2392.0,Em estoque
6,4,1,20200704,4,2,71,29.9,15,2122.9,318.44,1804.47,Em estoque
6,4,1,20200801,3,2,51,29.9,0,1524.9,0.0,1524.9,Em estoque
6,4,1,20200905,1,2,21,29.9,15,627.9,94.18,533.72,Em estoque
6,4,1,20201009,2,2,78,29.9,15,2332.2,349.83,1982.37,Em estoque
6,4,1,20201103,2,2,63,29.9,20,1883.7,376.74,1506.96,Em estoque
6,4,1,20201130,1,2,60,29.9,20,1794.0,358.8,1435.2,Em estoque
6,4,1,20210101,2,2,47,29.9,0,1405.3,0.0,1405.3,Em estoque
6,4,1,20210126,3,2,82,29.9,10,2451.8,245.18,2206.62,Em estoque
6,4,1,20210221,3,2,46,29.9,5,1375.4,68.77,1306.63,Em estoque
6,4,1,20210328,4,2,27,29.9,20,807.3,161.46,645.84,Em estoque
6,4,1,20210430,4,2,44,29.9,0,1315.6,0.0,1315.6,Em estoque
6,4,1,20210526,3,2,30,29.9,15,897.0,134.55,762.45,Em estoque
6,4,1,20210627,3,2,33,29.9,0,986.7,0.0,986.7,Em estoque
6,4,1,20210727,3,2,82,29.9,15,2451.8,367.77,2084.03,Em estoque
6,4,1,20210824,2,2,88,29.9,20,2631.2,526.24,2104.96,Em estoque
6,4,1,20210928,4,2,64,29.9,10,1913.6,191.36,1722.24,Em estoque
6,4,1,20211028,1,2,61,29.9,15,1823.9,273.58,1550.31,Em estoque
6,4,1,20211123,2,2,27,29.9,5,807.3,40.37,766.93,Em estoque
6,4,1,20211223,2,2,10,29.9,0,299.0,0.0,299.0,Em estoque
6,4,1,20220123,2,2,67,29.9,20,2003.3,400.66,1602.64,Em estoque
6,4,1,20220221,3,2,48,29.9,10,1435.2,143.52,1291.68,Em estoque
6,4,1,20220327,1,2,43,29.9,15,1285.7,192.85,1092.85,Em estoque
6,4,1,20220426,2,2,17,29.9,15,508.3,76.24,432.05,Em estoque
6,4,1,20220522,4,2,49,29.9,0,1465.1,0.0,1465.1,Em estoque
6,4,1,20220622,3,2,98,29.9,0,2930.2,0.0,2930.2,Em estoque
6,4,1,20220727,3,2,57,29.9,10,1704.3,170.43,1533.87,Em estoque
6,4,1,20220824,2,2,27,29.9,5,807.3,40.37,766.93,Em estoque
6,4,1,20220920,4,2,87,29.9,0,2601.3,0.0,2601.3,Em estoque
6,4,1,20221021,4,2,78,29.9,20,2332.2,466.44,1865.76,Em estoque
6,4,1,20221125,2,2,41,29.9,15,1225.9,183.88,1042.01,Em estoque
6,4,1,20221229,1,2,77,29.9,5,2302.3,115.11,2187.18,Em estoque
6,4,1,20230131,3,2,19,29.9,10,568.1,56.81,511.29,Em estoque
6,4,1,20230226,1,2,80,29.9,10,2392.0,239.2,2152.8,Em estoque
6,4,1,20230326,2,2,31,29.9,0,926.9,0.0,926.9,Em estoque
6,4,1,20230428,4,2,24,29.9,15,717.6,107.64,609.96,Em estoque
6,4,1,20230526,4,2,21,29.9,10,627.9,62.79,565.11,Em estoque
6,4,1,20230627,1,2,68,29.9,0,2033.2,0.0,2033.2,Em estoque
6,4,1,20230730,4,2,68,29.9,10,2033.2,203.32,1829.88,Em estoque
6,4,1,20230824,4,2,96,29.9,20,2870.4,574.08,2296.32,Em estoque
6,4,1,20230922,1,2,60,29.9,0,1794.0,0.0,1794.0,Em estoque
6,4,1,20231017,2,2,84,29.9,0,2511.6,0.0,2511.6,Em estoque
6,4,1,20231111,4,2,54,29.9,15,1614.6,242.19,1372.41,Em estoque
6,4,1,20231207,1,2,18,29.9,5,538.2,26.91,511.29,Em estoque
6,4,1,20240101,3,2,62,29.9,0,1853.8,0.0,1853.8,Em estoque
6,4,1,20240128,4,2,57,29.9,5,1704.3,85.22,1619.09,Em estoque
6,4,1,20240229,4,2,58,29.9,0,1734.2,0.0,1734.2,Em estoque
6,4,1,20240404,2,2,93,29.9,20,2780.7,556.14,2224.56,Em estoque
6,4,1,20240504,1,2,32,29.9,10,956.8,95.68,861.12,Em estoque
6,4,1,20240604,2,2,38,29.9,20,1136.2,227.24,908.96,Em estoque
6,4,1,20240629,1,2,48,29.9,5,1435.2,71.76,1363.44,Em estoque
6,4,1,20240803,4,2,78,29.9,5,2332.2,116.61,2215.59,Em estoque
6,4,1,20240831,2,2,68,29.9,0,2033.2,0.0,2033.2,Em estoque
6,4,1,20240927,3,2,34,29.9,15,1016.6,152.49,864.11,Em estoque
6,4,1,20241023,1,2,94,29.9,5,2810.6,140.53,2670.07,Em estoque
6,4,1,20241126,1,2,40,29.9,0,1196.0,0.0,1196.0,Em estoque
6,4,1,20241222,1,2,86,29.9,0,2571.4,0.0,2571.4,Em estoque
6,4,1,20250123,1,2,41,29.9,15,1225.9,183.88,1042.01,Em estoque
6,4,1,20250217,4,2,66,29.9,0,1973.4,0.0,1973.4,Em estoque
6,4,1,20250322,2,2,17,29.9,0,508.3,0.0,508.3,Em estoque
6,4,1,20250424,3,2,39,29.9,20,1166.1,233.22,932.88,Em estoque
6,4,1,20250528,3,2,83,29.9,10,2481.7,248.17,2233.53,Em estoque
6,4,1,20250702,3,2,40,29.9,0,1196.0,0.0,1196.0,Em estoque
6,4,1,20250729,2,2,62,29.9,0,1853.8,0.0,1853.8,Em estoque
6,4,1,20250827,1,2,81,29.9,10,2421.9,242.19,2179.71,Em estoque
6,4,1,20250923,4,2,81,29.9,5,2421.9,121.1,2300.81,Em estoque
6,4,1,20251018,3,2,92,29.9,15,2750.8,412.62,2338.18,Em estoque
6,4,1,20251118,3,2,99,29.9,5,2960.1,148.0,2812.09,Em estoque
6,4,1,20251219,2,2,48,29.9,5,1435.2,71.76,1363.44,Em estoque
6,4,1,20260115,4,2,40,29.9,20,1196.0,239.2,956.8,Em estoque
6,4,1,20260212,3,2,100,29.9,0,2990.0,0.0,2990.0,Em estoque
6,4,1,20260316,1,2,81,29.9,5,2421.9,121.1,2300.81,Em estoque
6,4,1,20260416,2,2,59,29.9,0,1764.1,0.0,1764.1,Em estoque
6,4,1,20260515,2,2,52,29.9,15,1554.8,233.22,1321.58,Em estoque
6,4,1,20260610,4,2,57,29.9,0,1704.3,0.0,1704.3,Em estoque
6,4,1,20260713,2,2,16,29.9,0,478.4,0.0,478.4,Em estoque
6,4,1,20260813,1,2,19,29.9,0,568.1,0.0,568.1,Em estoque
7,4,1,20170623,4,2,36,29.9,20,1076.4,215.28,861.12,Em estoque
7,4,1,20170723,3,2,11,29.9,0,328.9,0.0,328.9,Em estoque
7,4,1,20170820,1,2,71,29.9,0,2122.9,0.0,2122.9,Em estoque
7,4,1,20170923,2,2,60,29.9,0,1794.0,0.0,1794.0,Em estoque
7,4,1,20171026,3,2,46,29.9,5,1375.4,68.77,1306.63,Em estoque
7,4,1,20171127,3,2,49,29.9,0,1465.1,0.0,1465.1,Em estoque
7,4,1,20171227,4,2,69,29.9,0,2063.1,0.0,2063.1,Em estoque
7,4,1,20180128,3,2,36,29.9,0,1076.4,0.0,1076.4,Em estoque
7,4,1,20180227,4,2,15,29.9,10,448.5,44.85,403.65,Em estoque
7,4,1,20180327,2,2,12,29.9,0,358.8,0.0,358.8,Em estoque
7,4,1,20180429,4,2,47,29.9,0,1405.3,0.0,1405.3,Em estoque
7,4,1,20180527,3,2,39,29.9,5,1166.1,58.3,1107.79,Em estoque
7,4,1,20180630,2,2,73,29.9,10,2182.7,218.27,1964.43,Em estoque
7,4,1,20180804,3,2,42,29.9,20,1255.8,251.16,1004.64,Em estoque
7,4,1,20180905,4,2,68,29.9,0,2033.2,0.0,2033.2,Em estoque
7,4,1,20181005,2,2,27,29.9,15,807.3,121.09,686.2,Em estoque
7,4,1,20181107,4,2,33,29.9,10,986.7,98.67,888.03,Em estoque
7,4,1,20181212,1,2,77,29.9,0,2302.3,0.0,2302.3,Em estoque
7,4,1,20190107,1,2,10,29.9,5,299.0,14.95,284.05,Em estoque
7,4,1,20190203,2,2,18,29.9,15,538.2,80.73,457.47,Em estoque
7,4,1,20190302,1,2,37,29.9,10,1106.3,110.63,995.67,Em estoque
7,4,1,20190403,3,2,17,29.9,10,508.3,50.83,457.47,Em estoque
7,4,1,20190508,4,2,94,29.9,5,2810.6,140.53,2670.07,Em estoque
7,4,1,20190602,1,2,78,29.9,10,2332.2,233.22,2098.98,Em estoque
7,4,1,20190703,1,2,12,29.9,10,358.8,35.88,322.92,Em estoque
7,4,1,20190801,3,2,12,29.9,10,358.8,35.88,322.92,Em estoque
7,4,1,20190905,4,2,32,29.9,0,956.8,0.0,956.8,Em estoque
7,4,1,20191001,2,2,40,29.9,0,1196.0,0.0,1196.0,Em estoque
7,4,1,20191104,3,2,55,29.9,0,1644.5,0.0,1644.5,Em estoque
7,4,1,20191205,1,2,57,29.9,5,1704.3,85.22,1619.09,Em estoque
7,4,1,20200106,2,2,99,29.9,0,2960.1,0.0,2960.1,Em estoque
7,4,1,20200204,1,2,93,29.9,20,2780.7,556.14,2224.56,Em estoque
7,4,1,20200310,1,2,21,29.9,5,627.9,31.39,596.5,Em estoque
7,4,1,20200410,4,2,80,29.9,5,2392.0,119.6,2272.4,Em estoque
7,4,1,20200505,1,2,99,29.9,0,2960.1,0.0,2960.1,Em estoque
7,4,1,20200531,4,2,65,29.9,15,1943.5,291.52,1651.97,Em estoque
7,4,1,20200630,1,2,77,29.9,0,2302.3,0.0,2302.3,Em estoque
7,4,1,20200728,2,2,98,29.9,10,2930.2,293.02,2637.18,Em estoque
7,4,1,20200829,3,2,15,29.9,0,448.5,0.0,448.5,Em estoque
7,4,1,20201003,3,2,79,29.9,10,2362.1,236.21,2125.89,Em estoque
7,4,1,20201107,1,2,32,29.9,20,956.8,191.36,765.44,Em estoque
7,4,1,20201207,1,2,36,29.9,10,1076.4,107.64,968.76,Em estoque
7,4,1,20210103,4,2,19,29.9,0,568.1,0.0,568.1,Em estoque
7,4,1,20210130,2,2,82,29.9,20,2451.8,490.36,1961.44,Em estoque
7,4,1,20210302,3,2,59,29.9,20,1764.1,352.82,1411.28,Em estoque
7,4,1,20210329,1,2,74,29.9,15,2212.6,331.89,1880.71,Em estoque
7,4,1,20210428,1,2,22,29.9,5,657.8,32.89,624.91,Em estoque
7,4,1,20210526,1,2,53,29.9,10,1584.7,158.47,1426.23,Em estoque
7,4,1,20210629,4,2,51,29.9,0,1524.9,0.0,1524.9,Em estoque
7,4,1,20210803,3,2,67,29.9,5,2003.3,100.17,1903.13,Em estoque
7,4,1,20210831,3,2,80,29.9,5,2392.0,119.6,2272.4,Em estoque
7,4,1,20211001,2,2,97,29.9,10,2900.3,290.03,2610.27,Em estoque
7,4,1,20211105,4,2,20,29.9,20,598.0,119.6,478.4,Em estoque
7,4,1,20211209,3,2,41,29.9,15,1225.9,183.88,1042.01,Em estoque
7,4,1,20220104,1,2,44,29.9,0,1315.6,0.0,1315.6,Em estoque
7,4,1,20220204,2,2,59,29.9,0,1764.1,0.0,1764.1,Em estoque
7,4,1,20220306,1,2,21,29.9,0,627.9,0.0,627.9,Em estoque
7,4,1,20220404,4,2,56,29.9,20,1674.4,334.88,1339.52,Em estoque
7,4,1,20220503,1,2,26,29.9,0,777.4,0.0,777.4,Em estoque
7,4,1,20220530,4,2,67,29.9,10,2003.3,200.33,1802.97,Em estoque
7,4,1,20220702,4,2,23,29.9,0,687.7,0.0,687.7,Em estoque
7,4,1,20220728,3,2,80,29.9,0,2392.0,0.0,2392.0,Em estoque
7,4,1,20220831,3,2,59,29.9,0,1764.1,0.0,1764.1,Em estoque
7,4,1,20220929,4,2,59,29.9,20,1764.1,352.82,1411.28,Em estoque
7,4,1,20221025,2,2,83,29.9,10,2481.7,248.17,2233.53,Em estoque
7,4,1,20221121,4,2,31,29.9,0,926.9,0.0,926.9,Em estoque
7,4,1,20221220,3,2,44,29.9,5,1315.6,65.78,1249.82,Em estoque
7,4,1,20230116,1,2,31,29.9,5,926.9,46.34,880.55,Em estoque
7,4,1,20230214,4,2,48,29.9,5,1435.2,71.76,1363.44,Em estoque
7,4,1,20230312,3,2,42,29.9,0,1255.8,0.0,1255.8,Em estoque
7,4,1,20230416,4,2,86,29.9,10,2571.4,257.14,2314.26,Em estoque
7,4,1,20230514,4,2,23,29.9,0,687.7,0.0,687.7,Em estoque
7,4,1,20230612,1,2,60,29.9,0,1794.0,0.0,1794.0,Em estoque
7,4,1,20230716,4,2,52,29.9,5,1554.8,77.74,1477.06,Em estoque
7,4,1,20230815,4,2,93,29.9,10,2780.7,278.07,2502.63,Em estoque
7,4,1,20230911,3,2,51,29.9,10,1524.9,152.49,1372.41,Em estoque
7,4,1,20231009,4,2,50,29.9,0,1495.0,0.0,1495.0,Em estoque
7,4,1,20231109,3,2,47,29.9,15,1405.3,210.79,1194.5,Em estoque
7,4,1,20231214,4,2,83,29.9,20,2481.7,496.34,1985.36,Em estoque
7,4,1,20240111,3,2,58,29.9,0,1734.2,0.0,1734.2,Em estoque
7,4,1,20240211,3,2,24,29.9,10,717.6,71.76,645.84,Em estoque
7,4,1,20240310,2,2,97,29.9,20,2900.3,580.06,2320.24,Em estoque
7,4,1,20240412,1,2,69,29.9,15,2063.1,309.46,1753.63,Em estoque
7,4,1,20240510,4,2,47,29.9,20,1405.3,281.06,1124.24,Em estoque
7,4,1,20240605,4,2,96,29.9,5,2870.4,143.52,2726.88,Em estoque
7,4,1,20240702,3,2,40,29.9,0,1196.0,0.0,1196.0,Em estoque
7,4,1,20240806,2,2,64,29.9,20,1913.6,382.72,1530.88,Em estoque
7,4,1,20240906,1,2,67,29.9,10,2003.3,200.33,1802.97,Em estoque
7,4,1,20241008,4,2,78,29.9,10,2332.2,233.22,2098.98,Em estoque
7,4,1,20241108,1,2,56,29.9,15,1674.4,251.16,1423.24,Em estoque
7,4,1,20241211,1,2,23,29.9,20,687.7,137.54,550.16,Em estoque
7,4,1,20250108,3,2,31,29.9,15,926.9,139.03,787.87,Em estoque
7,4,1,20250211,1,2,82,29.9,15,2451.8,367.77,2084.03,Em estoque
7,4,1,20250318,4,2,52,29.9,20,1554.8,310.96,1243.84,Em estoque
7,4,1,20250418,1,2,11,29.9,0,328.9,0.0,328.9,Em estoque
7,4,1,20250517,2,2,75,29.9,15,2242.5,336.38,1906.12,Em estoque
7,4,1,20250619,2,2,67,29.9,0,2003.3,0.0,2003.3,Em estoque
7,4,1,20250720,4,2,96,29.9,10,2870.4,287.04,2583.36,Em estoque
7,4,1,20250822,2,2,54,29.9,0,1614.6,0.0,1614.6,Em estoque
7,4,1,20250923,1,2,47,29.9,5,1405.3,70.27,1335.03,Em estoque
7,4,1,20251019,1,2,28,29.9,0,837.2,0.0,837.2,Em estoque
7,4,1,20251117,3,2,68,29.9,20,2033.2,406.64,1626.56,Em estoque
7,4,1,20251215,4,2,54,29.9,5,1614.6,80.73,1533.87,Em estoque
7,4,1,20260110,4,2,99,29.9,5,2960.1,148.0,2812.09,Em estoque
7,4,1,20260209,1,2,48,29.9,0,1435.2,0.0,1435.2,Em estoque
7,4,1,20260307,1,2,53,29.9,15,1584.7,237.7,1346.99,Em estoque
7,4,1,20260402,2,2,41,29.9,10,1225.9,122.59,1103.31,Em estoque
7,4,1,20260429,2,2,52,29.9,10,1554.8,155.48,1399.32,Em estoque
7,4,1,20260530,4,2,39,29.9,20,1166.1,233.22,932.88,Em estoque
7,4,1,20260630,2,2,33,29.9,15,986.7,148.0,838.69,Em estoque
7,4,1,20260804,4,2,60,29.9,0,1794.0,0.0,1794.0,Em estoque
8,5,2,20161220,4,2,59,29.9,0,1764.1,0.0,1764.1,Em estoque
8,5,2,20170117,2,2,45,29.9,20,1345.5,269.1,1076.4,Em estoque
8,5,2,20170212,1,2,78,29.9,0,2332.2,0.0,2332.2,Em estoque
8,5,2,20170314,3,2,35,29.9,5,1046.5,52.33,994.17,Em estoque
8,5,2,20170409,3,2,95,29.9,20,2840.5,568.1,2272.4,Em estoque
8,5,2,20170511,3,2,86,29.9,5,2571.4,128.57,2442.83,Em estoque
8,5,2,20170614,4,2,85,29.9,0,2541.5,0.0,2541.5,Em estoque
8,5,2,20170714,3,2,68,29.9,10,2033.2,203.32,1829.88,Em estoque
8,5,2,20170810,3,2,88,29.9,10,2631.2,263.12,2368.08,Em estoque
8,5,2,20170905,2,2,50,29.9,0,1495.0,0.0,1495.0,Em estoque
8,5,2,20171003,3,2,24,29.9,0,717.6,0.0,717.6,Em estoque
8,5,2,20171102,2,2,75,29.9,5,2242.5,112.12,2130.38,Em estoque
8,5,2,20171203,2,2,83,29.9,5,2481.7,124.08,2357.61,Em estoque
8,5,2,20180103,2,2,72,29.9,15,2152.8,322.92,1829.88,Em estoque
8,5,2,20180205,2,2,81,29.9,0,2421.9,0.0,2421.9,Em estoque
8,5,2,20180309,3,2,27,29.9,0,807.3,0.0,807.3,Em estoque
8,5,2,20180408,4,2,89,29.9,0,2661.1,0.0,2661.1,Em estoque
8,5,2,20180508,1,2,72,29.9,0,2152.8,0.0,2152.8,Em estoque
8,5,2,20180605,4,2,81,29.9,10,2421.9,242.19,2179.71,Em estoque
8,5,2,20180710,4,2,62,29.9,15,1853.8,278.07,1575.73,Em estoque
8,5,2,20180811,4,2,100,29.9,20,2990.0,598.0,2392.0,Em estoque
8,5,2,20180912,4,2,31,29.9,0,926.9,0.0,926.9,Em estoque
8,5,2,20181016,1,2,38,29.9,0,1136.2,0.0,1136.2,Em estoque
8,5,2,20181110,3,2,38,29.9,10,1136.2,113.62,1022.58,Em estoque
8,5,2,20181209,2,2,68,29.9,10,2033.2,203.32,1829.88,Em estoque
8,5,2,20190110,1,2,83,29.9,0,2481.7,0.0,2481.7,Em estoque
8,5,2,20190208,3,2,79,29.9,20,2362.1,472.42,1889.68,Em estoque
8,5,2,20190305,4,2,79,29.9,0,2362.1,0.0,2362.1,Em estoque
8,5,2,20190405,1,2,93,29.9,20,2780.7,556.14,2224.56,Em estoque
8,5,2,20190503,3,2,14,29.9,5,418.6,20.93,397.67,Em estoque
8,5,2,20190601,3,2,21,29.9,5,627.9,31.39,596.5,Em estoque
8,5,2,20190627,2,2,36,29.9,20,1076.4,215.28,861.12,Em estoque
8,5,2,20190731,3,2,100,29.9,10,2990.0,299.0,2691.0,Em estoque
8,5,2,20190904,4,2,31,29.9,10,926.9,92.69,834.21,Em estoque
8,5,2,20191001,2,2,36,29.9,20,1076.4,215.28,861.12,Em estoque
8,5,2,20191026,3,2,78,29.9,0,2332.2,0.0,2332.2,Em estoque
8,5,2,20191129,2,2,51,29.9,15,1524.9,228.73,1296.16,Em estoque
8,5,2,20191228,3,2,83,29.9,0,2481.7,0.0,2481.7,Em estoque
8,5,2,20200130,1,2,27,29.9,20,807.3,161.46,645.84,Em estoque
8,5,2,20200301,1,2,45,29.9,20,1345.5,269.1,1076.4,Em estoque
8,5,2,20200405,2,2,99,29.9,20,2960.1,592.02,2368.08,Em estoque
8,5,2,20200502,2,2,28,29.9,15,837.2,125.58,711.62,Em estoque
8,5,2,20200601,2,2,96,29.9,5,2870.4,143.52,2726.88,Em estoque
8,5,2,20200703,2,2,83,29.9,15,2481.7,372.25,2109.44,Em estoque
8,5,2,20200801,4,2,58,29.9,5,1734.2,86.71,1647.49,Em estoque
8,5,2,20200827,1,2,61,29.9,10,1823.9,182.39,1641.51,Em estoque
8,5,2,20200925,3,2,68,29.9,5,2033.2,101.66,1931.54,Em estoque
8,5,2,20201025,1,2,21,29.9,15,627.9,94.18,533.72,Em estoque
8,5,2,20201126,3,2,18,29.9,20,538.2,107.64,430.56,Em estoque
8,5,2,20201229,4,2,37,29.9,5,1106.3,55.31,1050.98,Em estoque
8,5,2,20210126,4,2,44,29.9,0,1315.6,0.0,1315.6,Em estoque
8,5,2,20210224,3,2,80,29.9,10,2392.0,239.2,2152.8,Em estoque
8,5,2,20210323,4,2,53,29.9,15,1584.7,237.7,1346.99,Em estoque
8,5,2,20210417,1,2,22,29.9,15,657.8,98.67,559.13,Em estoque
8,5,2,20210519,1,2,25,29.9,20,747.5,149.5,598.0,Em estoque
8,5,2,20210615,4,2,68,29.9,0,2033.2,0.0,2033.2,Em estoque
8,5,2,20210716,2,2,98,29.9,0,2930.2,0.0,2930.2,Em estoque
8,5,2,20210820,3,2,30,29.9,20,897.0,179.4,717.6,Em estoque
8,5,2,20210918,1,2,93,29.9,0,2780.7,0.0,2780.7,Em estoque
8,5,2,20211017,1,2,57,29.9,15,1704.3,255.64,1448.65,Em estoque
8,5,2,20211121,2,2,16,29.9,5,478.4,23.92,454.48,Em estoque
8,5,2,20211226,3,2,99,29.9,20,2960.1,592.02,2368.08,Em estoque
8,5,2,20220123,4,2,93,29.9,0,2780.7,0.0,2780.7,Em estoque
8,5,2,20220218,1,2,37,29.9,5,1106.3,55.31,1050.98,Em estoque
8,5,2,20220316,2,2,85,29.9,0,2541.5,0.0,2541.5,Em estoque
8,5,2,20220418,4,2,11,29.9,0,328.9,0.0,328.9,Em estoque
8,5,2,20220518,1,2,64,29.9,15,1913.6,287.04,1626.56,Em estoque
8,5,2,20220614,4,2,19,29.9,0,568.1,0.0,568.1,Em estoque
8,5,2,20220715,1,2,23,29.9,0,687.7,0.0,687.7,Em estoque
8,5,2,20220814,3,2,48,29.9,0,1435.2,0.0,1435.2,Em estoque
8,5,2,20220914,2,2,92,29.9,15,2750.8,412.62,2338.18,Em estoque
8,5,2,20221011,1,2,77,29.9,10,2302.3,230.23,2072.07,Em estoque
8,5,2,20221105,2,2,66,29.9,0,1973.4,0.0,1973.4,Em estoque
8,5,2,20221203,2,2,62,29.9,10,1853.8,185.38,1668.42,Em estoque
8,5,2,20230107,4,2,37,29.9,0,1106.3,0.0,1106.3,Em estoque
8,5,2,20230202,2,2,25,29.9,10,747.5,74.75,672.75,Em estoque
8,5,2,20230305,3,2,64,29.9,0,1913.6,0.0,1913.6,Em estoque
8,5,2,20230401,2,2,45,29.9,15,1345.5,201.82,1143.67,Em estoque
8,5,2,20230427,2,2,80,29.9,10,2392.0,239.2,2152.8,Em estoque
8,5,2,20230531,3,2,98,29.9,0,2930.2,0.0,2930.2,Em estoque
8,5,2,20230705,3,2,36,29.9,10,1076.4,107.64,968.76,Em estoque
8,5,2,20230808,2,2,60,29.9,0,1794.0,0.0,1794.0,Em estoque
8,5,2,20230912,1,2,40,29.9,5,1196.0,59.8,1136.2,Em estoque
8,5,2,20231013,1,2,40,29.9,5,1196.0,59.8,1136.2,Em estoque
8,5,2,20231117,1,2,77,29.9,0,2302.3,0.0,2302.3,Em estoque
8,5,2,20231217,3,2,26,29.9,5,777.4,38.87,738.53,Em estoque
8,5,2,20240120,4,2,56,29.9,10,1674.4,167.44,1506.96,Em estoque
8,5,2,20240224,2,2,70,29.9,20,2093.0,418.6,1674.4,Em estoque
8,5,2,20240321,1,2,85,29.9,0,2541.5,0.0,2541.5,Em estoque
8,5,2,20240415,3,2,37,29.9,0,1106.3,0.0,1106.3,Em estoque
8,5,2,20240510,4,2,74,29.9,0,2212.6,0.0,2212.6,Em estoque
8,5,2,20240614,4,2,64,29.9,15,1913.6,287.04,1626.56,Em estoque
8,5,2,20240715,1,2,91,29.9,10,2720.9,272.09,2448.81,Em estoque
8,5,2,20240817,2,2,45,29.9,0,1345.5,0.0,1345.5,Em estoque
8,5,2,20240915,1,2,75,29.9,0,2242.5,0.0,2242.5,Em estoque
8,5,2,20241012,3,2,60,29.9,10,1794.0,179.4,1614.6,Em estoque
8,5,2,20241116,1,2,49,29.9,15,1465.1,219.76,1245.34,Em estoque
8,5,2,20241217,2,2,17,29.9,0,508.3,0.0,508.3,Em estoque
8,5,2,20250112,4,2,24,29.9,5,717.6,35.88,681.72,Em estoque
8,5,2,20250215,1,2,49,29.9,15,1465.1,219.76,1245.34,Em estoque
8,5,2,20250322,2,2,25,29.9,0,747.5,0.0,747.5,Em estoque
8,5,2,20250418,1,2,30,29.9,5,897.0,44.85,852.15,Em estoque
8,5,2,20250518,3,2,31,29.9,0,926.9,0.0,926.9,Em estoque
8,5,2,20250614,3,2,25,29.9,20,747.5,149.5,598.0,Em estoque
8,5,2,20250709,3,2,64,29.9,0,1913.6,0.0,1913.6,Em estoque
8,5,2,20250811,1,2,43,29.9,15,1285.7,192.85,1092.85,Em estoque
8,5,2,20250914,1,2,73,29.9,5,2182.7,109.13,2073.56,Em estoque
8,5,2,20251017,3,2,17,29.9,5,508.3,25.41,482.88,Em estoque
8,5,2,20251120,2,2,57,29.9,0,1704.3,0.0,1704.3,Em estoque
8,5,2,20251219,1,2,83,29.9,15,2481.7,372.25,2109.44,Em estoque
8,5,2,20260114,2,2,75,29.9,0,2242.5,0.0,2242.5,Em estoque
8,5,2,20260208,1,2,41,29.9,0,1225.9,0.0,1225.9,Em estoque
8,5,2,20260312,3,2,59,29.9,0,1764.1,0.0,1764.1,Em estoque
8,5,2,20260408,1,2,80,29.9,20,2392.0,478.4,1913.6,Em estoque
8,5,2,20260513,4,2,38,29.9,0,1136.2,0.0,1136.2,Em estoque
8,5,2,20260610,4,2,50,29.9,0,1495.0,0.0,1495.0,Em estoque
8,5,2,20260706,3,2,25,29.9,10,747.5,74.75,672.75,Em estoque
8,5,2,20260810,1,2,32,29.9,0,956.8,0.0,956.8,Em estoque
9,6,1,20161003,4,5,7,89.9,5,629.3,31.47,597.84,Em estoque
9,6,1,20161101,3,5,15,89.9,0,1348.5,0.0,1348.5,Em estoque
9,6,1,20161204,4,5,5,89.9,0,449.5,0.0,449.5,Em estoque
9,6,1,20170101,3,5,23,89.9,20,2067.7,413.54,1654.16,Em estoque
9,6,1,20170130,2,5,19,89.9,0,1708.1,0.0,1708.1,Em estoque
9,6,1,20170305,4,5,29,89.9,20,2607.1,521.42,2085.68,Em estoque
9,6,1,20170402,2,5,9,89.9,0,809.1,0.0,809.1,Em estoque
9,6,1,20170503,1,5,12,89.9,10,1078.8,107.88,970.92,Em estoque
9,6,1,20170602,1,5,15,89.9,0,1348.5,0.0,1348.5,Em estoque
9,6,1,20170707,4,5,28,89.9,15,2517.2,377.58,2139.62,Em estoque
9,6,1,20170805,1,5,11,89.9,10,988.9,98.89,890.01,Em estoque
9,6,1,20170902,4,5,20,89.9,0,1798.0,0.0,1798.0,Em estoque
9,6,1,20170929,3,5,7,89.9,0,629.3,0.0,629.3,Em estoque
9,6,1,20171027,4,5,27,89.9,0,2427.3,0.0,2427.3,Em estoque
9,6,1,20171128,1,5,23,89.9,0,2067.7,0.0,2067.7,Em estoque
9,6,1,20171231,2,5,25,89.9,20,2247.5,449.5,1798.0,Em estoque
9,6,1,20180131,1,5,23,89.9,10,2067.7,206.77,1860.93,Em estoque
9,6,1,20180225,4,5,26,89.9,0,2337.4,0.0,2337.4,Em estoque
9,6,1,20180325,3,5,13,89.9,20,1168.7,233.74,934.96,Em estoque
9,6,1,20180424,4,5,27,89.9,20,2427.3,485.46,1941.84,Em estoque
9,6,1,20180524,3,5,19,89.9,0,1708.1,0.0,1708.1,Em estoque
9,6,1,20180621,1,5,11,89.9,0,988.9,0.0,988.9,Em estoque
9,6,1,20180725,1,5,9,89.9,0,809.1,0.0,809.1,Em estoque
9,6,1,20180821,4,5,19,89.9,0,1708.1,0.0,1708.1,Em estoque
9,6,1,20180921,1,5,22,89.9,0,1977.8,0.0,1977.8,Em estoque
9,6,1,20181019,4,5,14,89.9,5,1258.6,62.93,1195.67,Em estoque
9,6,1,20181117,1,5,7,89.9,0,629.3,0.0,629.3,Em estoque
9,6,1,20181222,3,5,27,89.9,15,2427.3,364.1,2063.2,Em estoque
9,6,1,20190125,1,5,11,89.9,20,988.9,197.78,791.12,Em estoque
9,6,1,20190224,2,5,7,89.9,15,629.3,94.4,534.91,Em estoque
9,6,1,20190324,3,5,17,89.9,10,1528.3,152.83,1375.47,Em estoque
9,6,1,20190418,3,5,13,89.9,20,1168.7,233.74,934.96,Em estoque
9,6,1,20190515,1,5,17,89.9,20,1528.3,305.66,1222.64,Em estoque
9,6,1,20190616,2,5,8,89.9,5,719.2,35.96,683.24,Em estoque
9,6,1,20190712,2,5,8,89.9,0,719.2,0.0,719.2,Em estoque
9,6,1,20190806,2,5,9,89.9,0,809.1,0.0,809.1,Em estoque
9,6,1,20190906,3,5,26,89.9,15,2337.4,350.61,1986.79,Em estoque
9,6,1,20191011,1,5,23,89.9,10,2067.7,206.77,1860.93,Em estoque
9,6,1,20191109,1,5,5,89.9,0,449.5,0.0,449.5,Em estoque
9,6,1,20191207,4,5,30,89.9,0,2697.0,0.0,2697.0,Em estoque
9,6,1,20200102,3,5,8,89.9,0,719.2,0.0,719.2,Em estoque
9,6,1,20200203,1,5,10,89.9,10,899.0,89.9,809.1,Em estoque
9,6,1,20200305,4,5,20,89.9,0,1798.0,0.0,1798.0,Em estoque
9,6,1,20200405,4,5,10,89.9,0,899.0,0.0,899.0,Em estoque
9,6,1,20200503,2,5,13,89.9,0,1168.7,0.0,1168.7,Em estoque
9,6,1,20200604,2,5,6,89.9,10,539.4,53.94,485.46,Em estoque
9,6,1,20200708,2,5,25,89.9,0,2247.5,0.0,2247.5,Em estoque
9,6,1,20200809,4,5,22,89.9,5,1977.8,98.89,1878.91,Em estoque
9,6,1,20200903,1,5,13,89.9,5,1168.7,58.44,1110.27,Em estoque
9,6,1,20200930,4,5,11,89.9,15,988.9,148.34,840.57,Em estoque
9,6,1,20201102,2,5,25,89.9,20,2247.5,449.5,1798.0,Em estoque
9,6,1,20201205,1,5,17,89.9,20,1528.3,305.66,1222.64,Em estoque
9,6,1,20210104,4,5,22,89.9,20,1977.8,395.56,1582.24,Em estoque
9,6,1,20210205,3,5,23,89.9,10,2067.7,206.77,1860.93,Em estoque
9,6,1,20210307,4,5,13,89.9,0,1168.7,0.0,1168.7,Em estoque
9,6,1,20210401,3,5,24,89.9,0,2157.6,0.0,2157.6,Em estoque
9,6,1,20210426,3,5,6,89.9,20,539.4,107.88,431.52,Em estoque
9,6,1,20210528,3,5,29,89.9,10,2607.1,260.71,2346.39,Em estoque
9,6,1,20210625,2,5,8,89.9,0,719.2,0.0,719.2,Em estoque
9,6,1,20210730,2,5,13,89.9,10,1168.7,116.87,1051.83,Em estoque
9,6,1,20210824,2,5,23,89.9,20,2067.7,413.54,1654.16,Em estoque
9,6,1,20210924,3,5,10,89.9,0,899.0,0.0,899.0,Em estoque
9,6,1,20211022,3,5,30,89.9,15,2697.0,404.55,2292.45,Em estoque
9,6,1,20211121,1,5,27,89.9,15,2427.3,364.1,2063.2,Em estoque
9,6,1,20211221,2,5,23,89.9,0,2067.7,0.0,2067.7,Em estoque
9,6,1,20220122,3,5,10,89.9,5,899.0,44.95,854.05,Em estoque
9,6,1,20220216,1,5,6,89.9,0,539.4,0.0,539.4,Em estoque
9,6,1,20220322,2,5,5,89.9,10,449.5,44.95,404.55,Em estoque
9,6,1,20220423,1,5,15,89.9,10,1348.5,134.85,1213.65,Em estoque
9,6,1,20220521,2,5,15,89.9,15,1348.5,202.28,1146.22,Em estoque
9,6,1,20220617,3,5,6,89.9,0,539.4,0.0,539.4,Em estoque
9,6,1,20220714,2,5,29,89.9,0,2607.1,0.0,2607.1,Em estoque
9,6,1,20220816,3,5,7,89.9,0,629.3,0.0,629.3,Em estoque
9,6,1,20220920,4,5,23,89.9,0,2067.7,0.0,2067.7,Em estoque
9,6,1,20221020,3,5,15,89.9,0,1348.5,0.0,1348.5,Em estoque
9,6,1,20221116,4,5,30,89.9,15,2697.0,404.55,2292.45,Em estoque
9,6,1,20221218,3,5,10,89.9,15,899.0,134.85,764.15,Em estoque
9,6,1,20230120,3,5,12,89.9,15,1078.8,161.82,916.98,Em estoque
9,6,1,20230223,2,5,17,89.9,0,1528.3,0.0,1528.3,Em estoque
9,6,1,20230324,2,5,10,89.9,15,899.0,134.85,764.15,Em estoque
9,6,1,20230418,4,5,29,89.9,10,2607.1,260.71,2346.39,Em estoque
9,6,1,20230513,2,5,24,89.9,0,2157.6,0.0,2157.6,Em estoque
9,6,1,20230616,2,5,25,89.9,10,2247.5,224.75,2022.75,Em estoque
9,6,1,20230712,4,5,9,89.9,0,809.1,0.0,809.1,Em estoque
9,6,1,20230807,2,5,16,89.9,0,1438.4,0.0,1438.4,Em estoque
9,6,1,20230903,1,5,27,89.9,15,2427.3,364.1,2063.2,Em estoque
9,6,1,20231008,3,5,19,89.9,0,1708.1,0.0,1708.1,Em estoque
9,6,1,20231106,2,5,12,89.9,15,1078.8,161.82,916.98,Em estoque
9,6,1,20231202,3,5,13,89.9,20,1168.7,233.74,934.96,Em estoque
9,6,1,20231228,1,5,6,89.9,5,539.4,26.97,512.43,Em estoque
9,6,1,20240129,4,5,10,89.9,5,899.0,44.95,854.05,Em estoque
9,6,1,20240301,4,5,16,89.9,10,1438.4,143.84,1294.56,Em estoque
9,6,1,20240401,1,5,20,89.9,20,1798.0,359.6,1438.4,Em estoque
9,6,1,20240505,2,5,10,89.9,5,899.0,44.95,854.05,Em estoque
9,6,1,20240531,1,5,14,89.9,0,1258.6,0.0,1258.6,Em estoque
9,6,1,20240630,3,5,8,89.9,0,719.2,0.0,719.2,Em estoque
9,6,1,20240730,2,5,17,89.9,0,1528.3,0.0,1528.3,Em estoque
9,6,1,20240825,1,5,15,89.9,10,1348.5,134.85,1213.65,Em estoque
9,6,1,20240928,4,5,27,89.9,0,2427.3,0.0,2427.3,Em estoque
9,6,1,20241029,2,5,24,89.9,5,2157.6,107.88,2049.72,Em estoque
9,6,1,20241125,1,5,8,89.9,0,719.2,0.0,719.2,Em estoque
9,6,1,20241223,2,5,18,89.9,15,1618.2,242.73,1375.47,Em estoque
9,6,1,20250125,3,5,26,89.9,0,2337.4,0.0,2337.4,Em estoque
9,6,1,20250223,2,5,8,89.9,0,719.2,0.0,719.2,Em estoque
9,6,1,20250326,4,5,9,89.9,0,809.1,0.0,809.1,Em estoque
9,6,1,20250425,1,5,18,89.9,0,1618.2,0.0,1618.2,Em estoque
9,6,1,20250524,4,5,11,89.9,0,988.9,0.0,988.9,Em estoque
9,6,1,20250618,2,5,10,89.9,15,899.0,134.85,764.15,Em estoque
9,6,1,20250717,1,5,20,89.9,20,1798.0,359.6,1438.4,Em estoque
9,6,1,20250812,3,5,30,89.9,5,2697.0,134.85,2562.15,Em estoque
9,6,1,20250913,4,5,26,89.9,0,2337.4,0.0,2337.4,Em estoque
9,6,1,20251009,4,5,10,89.9,0,899.0,0.0,899.0,Em estoque
9,6,1,20251109,3,5,10,89.9,5,899.0,44.95,854.05,Em estoque
9,6,1,20251204,3,5,19,89.9,5,1708.1,85.41,1622.7,Em estoque
9,6,1,20260102,2,5,13,89.9,10,1168.7,116.87,1051.83,Em estoque
9,6,1,20260127,2,5,29,89.9,15,2607.1,391.07,2216.04,Em estoque
9,6,1,20260303,1,5,7,89.9,15,629.3,94.4,534.91,Em estoque
9,6,1,20260402,4,5,29,89.9,10,2607.1,260.71,2346.39,Em estoque
9,6,1,20260430,1,5,17,89.9,20,1528.3,305.66,1222.64,Em estoque
9,6,1,20260602,4,5,22,89.9,15,1977.8,296.67,1681.13,Em estoque
9,6,1,20260704,2,5,20,89.9,0,1798.0,0.0,1798.0,Em estoque
9,6,1,20260730,4,5,27,89.9,0,2427.3,0.0,2427.3,Em estoque
10,3,1,20170629,2,2,25,29.9,20,747.5,149.5,598.0,Em estoque
10,3,1,20170731,2,2,31,29.9,0,926.9,0.0,926.9,Em estoque
10,3,1,20170828,2,2,15,29.9,5,448.5,22.43,426.07,Em estoque
10,3,1,20170923,4,2,35,29.9,20,1046.5,209.3,837.2,Em estoque
10,3,1,20171028,2,2,86,29.9,0,2571.4,0.0,2571.4,Em estoque
10,3,1,20171127,1,2,21,29.9,5,627.9,31.39,596.5,Em estoque
10,3,1,20171230,4,2,80,29.9,0,2392.0,0.0,2392.0,Em estoque
10,3,1,20180128,4,2,11,29.9,20,328.9,65.78,263.12,Em estoque
10,3,1,20180303,4,2,24,29.9,5,717.6,35.88,681.72,Em estoque
10,3,1,20180330,2,2,82,29.9,10,2451.8,245.18,2206.62,Em estoque
10,3,1,20180503,1,2,23,29.9,10,687.7,68.77,618.93,Em estoque
10,3,1,20180529,3,2,78,29.9,0,2332.2,0.0,2332.2,Em estoque
10,3,1,20180629,3,2,59,29.9,15,1764.1,264.61,1499.48,Em estoque
10,3,1,20180731,4,2,14,29.9,0,418.6,0.0,418.6,Em estoque
10,3,1,20180829,4,2,28,29.9,10,837.2,83.72,753.48,Em estoque
10,3,1,20181002,4,2,14,29.9,5,418.6,20.93,397.67,Em estoque
10,3,1,20181101,2,2,16,29.9,15,478.4,71.76,406.64,Em estoque
10,3,1,20181203,3,2,57,29.9,0,1704.3,0.0,1704.3,Em estoque
10,3,1,20190102,3,2,49,29.9,0,1465.1,0.0,1465.1,Em estoque
10,3,1,20190203,1,2,39,29.9,0,1166.1,0.0,1166.1,Em estoque
10,3,1,20190304,4,2,51,29.9,0,1524.9,0.0,1524.9,Em estoque
10,3,1,20190404,1,2,34,29.9,5,1016.6,50.83,965.77,Em estoque
10,3,1,20190502,4,2,72,29.9,20,2152.8,430.56,1722.24,Em estoque
10,3,1,20190604,3,2,17,29.9,10,508.3,50.83,457.47,Em estoque
10,3,1,20190701,1,2,49,29.9,15,1465.1,219.76,1245.34,Em estoque
10,3,1,20190803,4,2,27,29.9,20,807.3,161.46,645.84,Em estoque
10,3,1,20190905,1,2,32,29.9,0,956.8,0.0,956.8,Em estoque
10,3,1,20191003,1,2,41,29.9,0,1225.9,0.0,1225.9,Em estoque
10,3,1,20191104,1,2,56,29.9,15,1674.4,251.16,1423.24,Em estoque
10,3,1,20191202,3,2,57,29.9,20,1704.3,340.86,1363.44,Em estoque
10,3,1,20200103,4,2,91,29.9,0,2720.9,0.0,2720.9,Em estoque
10,3,1,20200207,1,2,40,29.9,0,1196.0,0.0,1196.0,Em estoque
10,3,1,20200310,4,2,32,29.9,20,956.8,191.36,765.44,Em estoque
10,3,1,20200411,3,2,54,29.9,0,1614.6,0.0,1614.6,Em estoque
10,3,1,20200510,1,2,46,29.9,0,1375.4,0.0,1375.4,Em estoque
10,3,1,20200610,1,2,30,29.9,20,897.0,179.4,717.6,Em estoque
10,3,1,20200714,2,2,38,29.9,15,1136.2,170.43,965.77,Em estoque
10,3,1,20200811,2,2,44,29.9,15,1315.6,197.34,1118.26,Em estoque
10,3,1,20200911,1,2,97,29.9,0,2900.3,0.0,2900.3,Em estoque
10,3,1,20201013,2,2,92,29.9,0,2750.8,0.0,2750.8,Em estoque
10,3,1,20201116,1,2,38,29.9,0,1136.2,0.0,1136.2,Em estoque
10,3,1,20201220,3,2,100,29.9,15,2990.0,448.5,2541.5,Em estoque
10,3,1,20210118,4,2,58,29.9,20,1734.2,346.84,1387.36,Em estoque
10,3,1,20210217,4,2,42,29.9,0,1255.8,0.0,1255.8,Em estoque
10,3,1,20210321,3,2,96,29.9,10,2870.4,287.04,2583.36,Em estoque
10,3,1,20210424,4,2,84,29.9,0,2511.6,0.0,2511.6,Em estoque
10,3,1,20210519,3,2,81,29.9,15,2421.9,363.29,2058.62,Em estoque
10,3,1,20210622,3,2,48,29.9,15,1435.2,215.28,1219.92,Em estoque
10,3,1,20210718,4,2,18,29.9,0,538.2,0.0,538.2,Em estoque
10,3,1,20210816,3,2,45,29.9,0,1345.5,0.0,1345.5,Em estoque
10,3,1,20210920,3,2,34,29.9,0,1016.6,0.0,1016.6,Em estoque
10,3,1,20211023,2,2,17,29.9,20,508.3,101.66,406.64,Em estoque
10,3,1,20211126,4,2,94,29.9,0,2810.6,0.0,2810.6,Em estoque
10,3,1,20211231,2,2,13,29.9,15,388.7,58.3,330.39,Em estoque
10,3,1,20220201,3,2,43,29.9,5,1285.7,64.29,1221.41,Em estoque
10,3,1,20220304,4,2,14,29.9,10,418.6,41.86,376.74,Em estoque
10,3,1,20220407,2,2,53,29.9,15,1584.7,237.7,1346.99,Em estoque
10,3,1,20220505,4,2,95,29.9,0,2840.5,0.0,2840.5,Em estoque
10,3,1,20220607,3,2,31,29.9,20,926.9,185.38,741.52,Em estoque
10,3,1,20220712,2,2,47,29.9,0,1405.3,0.0,1405.3,Em estoque
10,3,1,20220813,2,2,43,29.9,15,1285.7,192.85,1092.85,Em estoque
10,3,1,20220915,2,2,97,29.9,0,2900.3,0.0,2900.3,Em estoque
10,3,1,20221020,1,2,38,29.9,0,1136.2,0.0,1136.2,Em estoque
10,3,1,20221117,3,2,63,29.9,20,1883.7,376.74,1506.96,Em estoque
10,3,1,20221217,3,2,43,29.9,10,1285.7,128.57,1157.13,Em estoque
10,3,1,20230115,4,2,25,29.9,5,747.5,37.38,710.12,Em estoque
10,3,1,20230209,1,2,70,29.9,0,2093.0,0.0,2093.0,Em estoque
10,3,1,20230314,1,2,97,29.9,5,2900.3,145.01,2755.28,Em estoque
10,3,1,20230416,3,2,62,29.9,0,1853.8,0.0,1853.8,Em estoque
10,3,1,20230513,2,2,35,29.9,0,1046.5,0.0,1046.5,Em estoque
10,3,1,20230613,4,2,28,29.9,0,837.2,0.0,837.2,Em estoque
10,3,1,20230710,1,2,72,29.9,0,2152.8,0.0,2152.8,Em estoque
10,3,1,20230814,2,2,50,29.9,15,1495.0,224.25,1270.75,Em estoque
10,3,1,20230908,1,2,67,29.9,0,2003.3,0.0,2003.3,Em estoque
10,3,1,20231006,2,2,83,29.9,20,2481.7,496.34,1985.36,Em estoque
10,3,1,20231102,4,2,21,29.9,0,627.9,0.0,627.9,Em estoque
10,3,1,20231206,4,2,91,29.9,5,2720.9,136.05,2584.86,Em estoque
10,3,1,20240106,4,2,71,29.9,5,2122.9,106.15,2016.76,Em estoque
10,3,1,20240131,1,2,78,29.9,0,2332.2,0.0,2332.2,Em estoque
10,3,1,20240301,1,2,51,29.9,20,1524.9,304.98,1219.92,Em estoque
10,3,1,20240403,2,2,12,29.9,15,358.8,53.82,304.98,Em estoque
10,3,1,20240428,2,2,38,29.9,15,1136.2,170.43,965.77,Em estoque
10,3,1,20240528,3,2,26,29.9,0,777.4,0.0,777.4,Em estoque
10,3,1,20240628,3,2,31,29.9,0,926.9,0.0,926.9,Em estoque
10,3,1,20240723,3,2,47,29.9,5,1405.3,70.27,1335.03,Em estoque
10,3,1,20240825,3,2,65,29.9,15,1943.5,291.52,1651.97,Em estoque
10,3,1,20240921,3,2,72,29.9,0,2152.8,0.0,2152.8,Em estoque
10,3,1,20241019,2,2,61,29.9,0,1823.9,0.0,1823.9,Em estoque
10,3,1,20241116,2,2,26,29.9,0,777.4,0.0,777.4,Em estoque
10,3,1,20241211,2,2,25,29.9,0,747.5,0.0,747.5,Em estoque
10,3,1,20250115,1,2,58,29.9,15,1734.2,260.13,1474.07,Em estoque
10,3,1,20250213,1,2,86,29.9,0,2571.4,0.0,2571.4,Em estoque
10,3,1,20250320,1,2,93,29.9,20,2780.7,556.14,2224.56,Em estoque
10,3,1,20250414,1,2,98,29.9,0,2930.2,0.0,2930.2,Em estoque
10,3,1,20250515,4,2,58,29.9,0,1734.2,0.0,1734.2,Em estoque
10,3,1,20250617,3,2,70,29.9,15,2093.0,313.95,1779.05,Em estoque
10,3,1,20250714,2,2,98,29.9,15,2930.2,439.53,2490.67,Em estoque
10,3,1,20250818,1,2,48,29.9,5,1435.2,71.76,1363.44,Em estoque
10,3,1,20250922,1,2,94,29.9,10,2810.6,281.06,2529.54,Em estoque
10,3,1,20251021,2,2,63,29.9,20,1883.7,376.74,1506.96,Em estoque
10,3,1,20251116,1,2,46,29.9,0,1375.4,0.0,1375.4,Em estoque
10,3,1,20251212,4,2,35,29.9,10,1046.5,104.65,941.85,Em estoque
10,3,1,20260109,3,2,76,29.9,0,2272.4,0.0,2272.4,Em estoque
10,3,1,20260208,4,2,47,29.9,0,1405.3,0.0,1405.3,Em estoque
10,3,1,20260305,4,2,36,29.9,15,1076.4,161.46,914.94,Em estoque
10,3,1,20260406,3,2,40,29.9,0,1196.0,0.0,1196.0,Em estoque
10,3,1,20260501,1,2,24,29.9,20,717.6,143.52,574.08,Em estoque
10,3,1,20260604,4,2,29,29.9,0,867.1,0.0,867.1,Em estoque
10,3,1,20260707,1,2,22,29.9,0,657.8,0.0,657.8,Em estoque
10,3,1,20260811,2,2,68,29.9,0,2033.2,0.0,2033.2,Última peça
11,7,1,20161031,2,3,6,54.0,20,324.0,64.8,259.2,Em estoque
11,7,1,20161129,3,3,30,54.0,15,1620.0,243.0,1377.0,Em estoque
11,7,1,20161229,4,3,28,54.0,0,1512.0,0.0,1512.0,Em estoque
11,7,1,20170124,1,3,5,54.0,20,270.0,54.0,216.0,Em estoque
11,7,1,20170220,2,3,15,54.0,0,810.0,0.0,810.0,Em estoque
11,7,1,20170324,3,3,28,54.0,0,1512.0,0.0,1512.0,Em estoque
11,7,1,20170423,3,3,10,54.0,0,540.0,0.0,540.0,Em estoque
11,7,1,20170524,4,3,19,54.0,0,1026.0,0.0,1026.0,Em estoque
11,7,1,20170624,4,3,30,54.0,5,1620.0,81.0,1539.0,Em estoque
11,7,1,20170729,2,3,8,54.0,0,432.0,0.0,432.0,Em estoque
11,7,1,20170823,2,3,8,54.0,5,432.0,21.6,410.4,Em estoque
11,7,1,20170926,4,3,30,54.0,10,1620.0,162.0,1458.0,Em estoque
11,7,1,20171031,4,3,10,54.0,10,540.0,54.0,486.0,Em estoque
11,7,1,20171201,3,3,24,54.0,0,1296.0,0.0,1296.0,Em estoque
11,7,1,20180105,2,3,20,54.0,5,1080.0,54.0,1026.0,Em estoque
11,7,1,20180131,4,3,19,54.0,0,1026.0,0.0,1026.0,Em estoque
11,7,1,20180226,3,3,25,54.0,0,1350.0,0.0,1350.0,Em estoque
11,7,1,20180323,2,3,26,54.0,20,1404.0,280.8,1123.2,Em estoque
11,7,1,20180422,1,3,18,54.0,15,972.0,145.8,826.2,Em estoque
11,7,1,20180520,4,3,16,54.0,15,864.0,129.6,734.4,Em estoque
11,7,1,20180624,4,3,9,54.0,20,486.0,97.2,388.8,Em estoque
11,7,1,20180727,1,3,5,54.0,15,270.0,40.5,229.5,Em estoque
11,7,1,20180823,4,3,20,54.0,20,1080.0,216.0,864.0,Em estoque
11,7,1,20180919,1,3,29,54.0,5,1566.0,78.3,1487.7,Em estoque
11,7,1,20181019,2,3,15,54.0,0,810.0,0.0,810.0,Em estoque
11,7,1,20181113,2,3,22,54.0,15,1188.0,178.2,1009.8,Em estoque
11,7,1,20181214,4,3,12,54.0,0,648.0,0.0,648.0,Em estoque
11,7,1,20190115,4,3,30,54.0,10,1620.0,162.0,1458.0,Em estoque
11,7,1,20190216,1,3,20,54.0,5,1080.0,54.0,1026.0,Em estoque
11,7,1,20190318,1,3,20,54.0,15,1080.0,162.0,918.0,Em estoque
11,7,1,20190422,1,3,8,54.0,5,432.0,21.6,410.4,Em estoque
11,7,1,20190523,1,3,22,54.0,10,1188.0,118.8,1069.2,Em estoque
11,7,1,20190617,1,3,30,54.0,10,1620.0,162.0,1458.0,Em estoque
11,7,1,20190721,3,3,21,54.0,10,1134.0,113.4,1020.6,Em estoque
11,7,1,20190818,4,3,15,54.0,0,810.0,0.0,810.0,Em estoque
11,7,1,20190912,2,3,19,54.0,0,1026.0,0.0,1026.0,Em estoque
11,7,1,20191015,4,3,27,54.0,15,1458.0,218.7,1239.3,Em estoque
11,7,1,20191114,4,3,8,54.0,0,432.0,0.0,432.0,Em estoque
11,7,1,20191219,2,3,5,54.0,0,270.0,0.0,270.0,Em estoque
11,7,1,20200118,3,3,22,54.0,10,1188.0,118.8,1069.2,Em estoque
11,7,1,20200217,1,3,6,54.0,0,324.0,0.0,324.0,Em estoque
11,7,1,20200320,2,3,27,54.0,15,1458.0,218.7,1239.3,Em estoque
11,7,1,20200420,1,3,13,54.0,10,702.0,70.2,631.8,Em estoque
11,7,1,20200518,2,3,8,54.0,20,432.0,86.4,345.6,Em estoque
11,7,1,20200618,2,3,19,54.0,20,1026.0,205.2,820.8,Em estoque
11,7,1,20200716,3,3,8,54.0,20,432.0,86.4,345.6,Em estoque
11,7,1,20200816,1,3,25,54.0,20,1350.0,270.0,1080.0,Em estoque
11,7,1,20200920,1,3,29,54.0,5,1566.0,78.3,1487.7,Em estoque
11,7,1,20201022,2,3,20,54.0,0,1080.0,0.0,1080.0,Em estoque
11,7,1,20201124,1,3,22,54.0,5,1188.0,59.4,1128.6,Em estoque
11,7,1,20201228,4,3,21,54.0,20,1134.0,226.8,907.2,Em estoque
11,7,1,20210124,2,3,28,54.0,20,1512.0,302.4,1209.6,Em estoque
11,7,1,20210220,1,3,17,54.0,15,918.0,137.7,780.3,Em estoque
11,7,1,20210326,3,3,21,54.0,5,1134.0,56.7,1077.3,Em estoque
11,7,1,20210426,2,3,13,54.0,5,702.0,35.1,666.9,Em estoque
11,7,1,20210526,3,3,19,54.0,20,1026.0,205.2,820.8,Em estoque
11,7,1,20210622,2,3,18,54.0,10,972.0,97.2,874.8,Em estoque
11,7,1,20210725,3,3,27,54.0,10,1458.0,145.8,1312.2,Em estoque
11,7,1,20210824,2,3,11,54.0,0,594.0,0.0,594.0,Em estoque
11,7,1,20210927,3,3,26,54.0,0,1404.0,0.0,1404.0,Em estoque
11,7,1,20211101,2,3,27,54.0,15,1458.0,218.7,1239.3,Em estoque
11,7,1,20211128,3,3,27,54.0,0,1458.0,0.0,1458.0,Em estoque
11,7,1,20211228,4,3,23,54.0,10,1242.0,124.2,1117.8,Em estoque
11,7,1,20220201,4,3,26,54.0,15,1404.0,210.6,1193.4,Em estoque
11,7,1,20220306,3,3,18,54.0,20,972.0,194.4,777.6,Em estoque
11,7,1,20220331,1,3,5,54.0,5,270.0,13.5,256.5,Em estoque
11,7,1,20220427,1,3,26,54.0,0,1404.0,0.0,1404.0,Em estoque
11,7,1,20220525,3,3,29,54.0,20,1566.0,313.2,1252.8,Em estoque
11,7,1,20220621,3,3,26,54.0,0,1404.0,0.0,1404.0,Em estoque
11,7,1,20220718,1,3,27,54.0,20,1458.0,291.6,1166.4,Em estoque
11,7,1,20220816,2,3,29,54.0,10,1566.0,156.6,1409.4,Em estoque
11,7,1,20220910,3,3,19,54.0,0,1026.0,0.0,1026.0,Em estoque
11,7,1,20221014,2,3,28,54.0,15,1512.0,226.8,1285.2,Em estoque
11,7,1,20221116,4,3,12,54.0,10,648.0,64.8,583.2,Em estoque
11,7,1,20221215,1,3,17,54.0,5,918.0,45.9,872.1,Em estoque
11,7,1,20230115,3,3,22,54.0,0,1188.0,0.0,1188.0,Em estoque
11,7,1,20230209,3,3,11,54.0,10,594.0,59.4,534.6,Em estoque
11,7,1,20230313,2,3,25,54.0,15,1350.0,202.5,1147.5,Em estoque
11,7,1,20230417,3,3,29,54.0,10,1566.0,156.6,1409.4,Em estoque
11,7,1,20230520,2,3,29,54.0,15,1566.0,234.9,1331.1,Em estoque
11,7,1,20230617,3,3,19,54.0,0,1026.0,0.0,1026.0,Em estoque
11,7,1,20230722,1,3,10,54.0,0,540.0,0.0,540.0,Em estoque
11,7,1,20230824,1,3,17,54.0,0,918.0,0.0,918.0,Em estoque
11,7,1,20230924,3,3,22,54.0,0,1188.0,0.0,1188.0,Em estoque
11,7,1,20231021,2,3,23,54.0,20,1242.0,248.4,993.6,Em estoque
11,7,1,20231119,1,3,15,54.0,5,810.0,40.5,769.5,Em estoque
11,7,1,20231216,1,3,9,54.0,0,486.0,0.0,486.0,Em estoque
11,7,1,20240119,1,3,29,54.0,15,1566.0,234.9,1331.1,Em estoque
11,7,1,20240222,3,3,20,54.0,20,1080.0,216.0,864.0,Em estoque
11,7,1,20240327,3,3,7,54.0,20,378.0,75.6,302.4,Em estoque
11,7,1,20240426,2,3,10,54.0,10,540.0,54.0,486.0,Em estoque
11,7,1,20240522,2,3,18,54.0,10,972.0,97.2,874.8,Em estoque
11,7,1,20240624,4,3,7,54.0,0,378.0,0.0,378.0,Em estoque
11,7,1,20240722,2,3,26,54.0,0,1404.0,0.0,1404.0,Em estoque
11,7,1,20240821,3,3,14,54.0,0,756.0,0.0,756.0,Em estoque
11,7,1,20240924,4,3,22,54.0,20,1188.0,237.6,950.4,Em estoque
11,7,1,20241029,1,3,8,54.0,15,432.0,64.8,367.2,Em estoque
11,7,1,20241128,4,3,12,54.0,15,648.0,97.2,550.8,Em estoque
11,7,1,20250101,2,3,6,54.0,15,324.0,48.6,275.4,Em estoque
11,7,1,20250131,4,3,30,54.0,0,1620.0,0.0,1620.0,Em estoque
11,7,1,20250303,3,3,22,54.0,15,1188.0,178.2,1009.8,Em estoque
11,7,1,20250401,1,3,21,54.0,20,1134.0,226.8,907.2,Em estoque
11,7,1,20250501,4,3,20,54.0,0,1080.0,0.0,1080.0,Em estoque
11,7,1,20250530,2,3,15,54.0,10,810.0,81.0,729.0,Em estoque
11,7,1,20250625,1,3,10,54.0,20,540.0,108.0,432.0,Em estoque
11,7,1,20250728,1,3,25,54.0,0,1350.0,0.0,1350.0,Em estoque
11,7,1,20250825,2,3,26,54.0,5,1404.0,70.2,1333.8,Em estoque
11,7,1,20250920,2,3,22,54.0,20,1188.0,237.6,950.4,Em estoque
11,7,1,20251021,1,3,28,54.0,15,1512.0,226.8,1285.2,Em estoque
11,7,1,20251117,1,3,19,54.0,15,1026.0,153.9,872.1,Em estoque
11,7,1,20251217,1,3,7,54.0,0,378.0,0.0,378.0,Em estoque
11,7,1,20260111,2,3,30,54.0,0,1620.0,0.0,1620.0,Em estoque
11,7,1,20260213,1,3,23,54.0,20,1242.0,248.4,993.6,Em estoque
11,7,1,20260313,3,3,18,54.0,5,972.0,48.6,923.4,Em estoque
11,7,1,20260414,4,3,18,54.0,0,972.0,0.0,972.0,Em estoque
11,7,1,20260509,4,3,26,54.0,0,1404.0,0.0,1404.0,Em estoque
11,7,1,20260611,1,3,25,54.0,15,1350.0,202.5,1147.5,Em estoque
11,7,1,20260715,1,3,29,54.0,15,1566.0,234.9,1331.1,Em estoque
12,3,1,20161003,1,2,55,29.9,10,1644.5,164.45,1480.05,Em estoque
12,3,1,20161029,3,2,97,29.9,0,2900.3,0.0,2900.3,Em estoque
12,3,1,20161202,1,2,46,29.9,20,1375.4,275.08,1100.32,Em estoque
12,3,1,20170103,4,2,60,29.9,20,1794.0,358.8,1435.2,Em estoque
12,3,1,20170207,1,2,70,29.9,0,2093.0,0.0,2093.0,Em estoque
12,3,1,20170312,2,2,27,29.9,15,807.3,121.09,686.2,Em estoque
12,3,1,20170412,3,2,91,29.9,0,2720.9,0.0,2720.9,Em estoque
12,3,1,20170511,3,2,11,29.9,10,328.9,32.89,296.01,Em estoque
12,3,1,20170613,2,2,25,29.9,0,747.5,0.0,747.5,Em estoque
12,3,1,20170708,4,2,78,29.9,10,2332.2,233.22,2098.98,Em estoque
12,3,1,20170803,3,2,36,29.9,15,1076.4,161.46,914.94,Em estoque
12,3,1,20170902,2,2,62,29.9,15,1853.8,278.07,1575.73,Em estoque
12,3,1,20171005,2,2,30,29.9,0,897.0,0.0,897.0,Em estoque
12,3,1,20171102,3,2,34,29.9,0,1016.6,0.0,1016.6,Em estoque
12,3,1,20171129,1,2,80,29.9,5,2392.0,119.6,2272.4,Em estoque
12,3,1,20180103,1,2,47,29.9,15,1405.3,210.79,1194.5,Em estoque
12,3,1,20180129,3,2,22,29.9,0,657.8,0.0,657.8,Em estoque
12,3,1,20180304,4,2,52,29.9,0,1554.8,0.0,1554.8,Em estoque
12,3,1,20180331,2,2,22,29.9,0,657.8,0.0,657.8,Em estoque
12,3,1,20180504,1,2,34,29.9,0,1016.6,0.0,1016.6,Em estoque
12,3,1,20180605,4,2,52,29.9,10,1554.8,155.48,1399.32,Em estoque
12,3,1,20180710,3,2,98,29.9,10,2930.2,293.02,2637.18,Em estoque
12,3,1,20180806,3,2,50,29.9,5,1495.0,74.75,1420.25,Em estoque
12,3,1,20180902,1,2,50,29.9,0,1495.0,0.0,1495.0,Em estoque
12,3,1,20180930,4,2,45,29.9,20,1345.5,269.1,1076.4,Em estoque
12,3,1,20181030,2,2,96,29.9,15,2870.4,430.56,2439.84,Em estoque
12,3,1,20181129,4,2,69,29.9,5,2063.1,103.16,1959.94,Em estoque
12,3,1,20181229,3,2,72,29.9,10,2152.8,215.28,1937.52,Em estoque
12,3,1,20190124,2,2,92,29.9,10,2750.8,275.08,2475.72,Em estoque
12,3,1,20190219,3,2,27,29.9,10,807.3,80.73,726.57,Em estoque
12,3,1,20190319,3,2,90,29.9,0,2691.0,0.0,2691.0,Em estoque
12,3,1,20190414,1,2,74,29.9,15,2212.6,331.89,1880.71,Em estoque
12,3,1,20190509,4,2,85,29.9,0,2541.5,0.0,2541.5,Em estoque
12,3,1,20190603,3,2,79,29.9,10,2362.1,236.21,2125.89,Em estoque
12,3,1,20190705,2,2,56,29.9,5,1674.4,83.72,1590.68,Em estoque
12,3,1,20190802,3,2,27,29.9,5,807.3,40.37,766.93,Em estoque
12,3,1,20190904,1,2,60,29.9,0,1794.0,0.0,1794.0,Em estoque
12,3,1,20191007,1,2,94,29.9,0,2810.6,0.0,2810.6,Em estoque
12,3,1,20191110,2,2,75,29.9,0,2242.5,0.0,2242.5,Em estoque
12,3,1,20191212,2,2,32,29.9,10,956.8,95.68,861.12,Em estoque
12,3,1,20200115,2,2,71,29.9,0,2122.9,0.0,2122.9,Em estoque
12,3,1,20200209,2,2,72,29.9,0,2152.8,0.0,2152.8,Em estoque
12,3,1,20200306,3,2,57,29.9,0,1704.3,0.0,1704.3,Em estoque
12,3,1,20200331,2,2,76,29.9,20,2272.4,454.48,1817.92,Em estoque
12,3,1,20200430,4,2,70,29.9,5,2093.0,104.65,1988.35,Em estoque
12,3,1,20200525,1,2,93,29.9,0,2780.7,0.0,2780.7,Em estoque
12,3,1,20200620,3,2,43,29.9,10,1285.7,128.57,1157.13,Em estoque
12,3,1,20200723,2,2,58,29.9,15,1734.2,260.13,1474.07,Em estoque
12,3,1,20200823,3,2,85,29.9,15,2541.5,381.22,2160.28,Em estoque
12,3,1,20200918,3,2,58,29.9,0,1734.2,0.0,1734.2,Em estoque
12,3,1,20201021,4,2,55,29.9,20,1644.5,328.9,1315.6,Em estoque
12,3,1,20201120,4,2,71,29.9,10,2122.9,212.29,1910.61,Em estoque
12,3,1,20201215,2,2,66,29.9,0,1973.4,0.0,1973.4,Em estoque
12,3,1,20210112,1,2,75,29.9,15,2242.5,336.38,1906.12,Em estoque
12,3,1,20210210,2,2,29,29.9,0,867.1,0.0,867.1,Em estoque
12,3,1,20210309,3,2,87,29.9,15,2601.3,390.19,2211.1,Em estoque
12,3,1,20210404,2,2,63,29.9,20,1883.7,376.74,1506.96,Em estoque
12,3,1,20210504,1,2,71,29.9,15,2122.9,318.44,1804.47,Em estoque
12,3,1,20210605,4,2,36,29.9,10,1076.4,107.64,968.76,Em estoque
12,3,1,20210702,4,2,12,29.9,0,358.8,0.0,358.8,Em estoque
12,3,1,20210727,2,2,83,29.9,10,2481.7,248.17,2233.53,Em estoque
12,3,1,20210823,2,2,90,29.9,10,2691.0,269.1,2421.9,Em estoque
12,3,1,20210917,2,2,17,29.9,0,508.3,0.0,508.3,Em estoque
12,3,1,20211016,2,2,76,29.9,5,2272.4,113.62,2158.78,Em estoque
12,3,1,20211119,1,2,94,29.9,20,2810.6,562.12,2248.48,Em estoque
12,3,1,20211218,1,2,37,29.9,5,1106.3,55.31,1050.98,Em estoque
12,3,1,20220121,4,2,71,29.9,0,2122.9,0.0,2122.9,Em estoque
12,3,1,20220218,4,2,86,29.9,0,2571.4,0.0,2571.4,Em estoque
12,3,1,20220324,2,2,89,29.9,15,2661.1,399.16,2261.93,Em estoque
12,3,1,20220426,3,2,31,29.9,15,926.9,139.03,787.87,Em estoque
12,3,1,20220531,3,2,68,29.9,10,2033.2,203.32,1829.88,Em estoque
12,3,1,20220704,1,2,39,29.9,5,1166.1,58.3,1107.79,Em estoque
12,3,1,20220804,2,2,23,29.9,0,687.7,0.0,687.7,Em estoque
12,3,1,20220901,4,2,29,29.9,10,867.1,86.71,780.39,Em estoque
12,3,1,20220927,2,2,70,29.9,10,2093.0,209.3,1883.7,Em estoque
12,3,1,20221031,1,2,78,29.9,10,2332.2,233.22,2098.98,Em estoque
12,3,1,20221126,1,2,71,29.9,15,2122.9,318.44,1804.47,Em estoque
12,3,1,20221223,1,2,96,29.9,15,2870.4,430.56,2439.84,Em estoque
12,3,1,20230123,4,2,57,29.9,20,1704.3,340.86,1363.44,Em estoque
12,3,1,20230217,4,2,39,29.9,20,1166.1,233.22,932.88,Em estoque
12,3,1,20230321,4,2,54,29.9,10,1614.6,161.46,1453.14,Em estoque
12,3,1,20230424,1,2,64,29.9,0,1913.6,0.0,1913.6,Em estoque
12,3,1,20230523,4,2,39,29.9,20,1166.1,233.22,932.88,Em estoque
12,3,1,20230618,3,2,86,29.9,10,2571.4,257.14,2314.26,Em estoque
12,3,1,20230719,3,2,34,29.9,0,1016.6,0.0,1016.6,Em estoque
12,3,1,20230813,1,2,76,29.9,0,2272.4,0.0,2272.4,Em estoque
12,3,1,20230913,2,2,98,29.9,20,2930.2,586.04,2344.16,Em estoque
12,3,1,20231013,4,2,56,29.9,0,1674.4,0.0,1674.4,Em estoque
12,3,1,20231109,4,2,93,29.9,10,2780.7,278.07,2502.63,Em estoque
12,3,1,20231208,3,2,78,29.9,5,2332.2,116.61,2215.59,Em estoque
12,3,1,20240111,3,2,88,29.9,0,2631.2,0.0,2631.2,Em estoque
12,3,1,20240215,4,2,36,29.9,5,1076.4,53.82,1022.58,Em estoque
12,3,1,20240319,4,2,32,29.9,0,956.8,0.0,956.8,Em estoque
12,3,1,20240421,4,2,42,29.9,0,1255.8,0.0,1255.8,Em estoque
12,3,1,20240525,3,2,100,29.9,5,2990.0,149.5,2840.5,Em estoque
12,3,1,20240621,1,2,39,29.9,5,1166.1,58.3,1107.79,Em estoque
12,3,1,20240718,1,2,37,29.9,10,1106.3,110.63,995.67,Em estoque
12,3,1,20240818,3,2,80,29.9,10,2392.0,239.2,2152.8,Em estoque
12,3,1,20240922,1,2,30,29.9,5,897.0,44.85,852.15,Em estoque
12,3,1,20241027,1,2,21,29.9,20,627.9,125.58,502.32,Em estoque
12,3,1,20241123,4,2,86,29.9,5,2571.4,128.57,2442.83,Em estoque
12,3,1,20241219,1,2,43,29.9,0,1285.7,0.0,1285.7,Em estoque
12,3,1,20250118,1,2,87,29.9,0,2601.3,0.0,2601.3,Em estoque
12,3,1,20250218,4,2,88,29.9,15,2631.2,394.68,2236.52,Em estoque
12,3,1,20250323,3,2,86,29.9,0,2571.4,0.0,2571.4,Em estoque
12,3,1,20250419,4,2,66,29.9,0,1973.4,0.0,1973.4,Em estoque
12,3,1,20250517,3,2,34,29.9,0,1016.6,0.0,1016.6,Em estoque
12,3,1,20250620,2,2,88,29.9,0,2631.2,0.0,2631.2,Em estoque
12,3,1,20250725,1,2,56,29.9,0,1674.4,0.0,1674.4,Em estoque
12,3,1,20250829,1,2,30,29.9,0,897.0,0.0,897.0,Em estoque
12,3,1,20250927,4,2,55,29.9,15,1644.5,246.67,1397.83,Em estoque
12,3,1,20251028,4,2,85,29.9,0,2541.5,0.0,2541.5,Em estoque
12,3,1,20251130,1,2,100,29.9,0,2990.0,0.0,2990.0,Em estoque
12,3,1,20251226,3,2,81,29.9,10,2421.9,242.19,2179.71,Em estoque
12,3,1,20260125,3,2,45,29.9,0,1345.5,0.0,1345.5,Em estoque
12,3,1,20260228,2,2,68,29.9,5,2033.2,101.66,1931.54,Em estoque
12,3,1,20260403,1,2,43,29.9,0,1285.7,0.0,1285.7,Em estoque
12,3,1,20260504,1,2,81,29.9,0,2421.9,0.0,2421.9,Em estoque
12,3,1,20260606,3,2,53,29.9,0,1584.7,0.0,1584.7,Em estoque
12,3,1,20260709,3,2,78,29.9,20,2332.2,466.44,1865.76,Em estoque
12,3,1,20260812,3,2,98,29.9,5,2930.2,146.51,2783.69,Em estoque
13,8,1,20170515,2,2,53,29.9,20,1584.7,316.94,1267.76,Em estoque
13,8,1,20170616,4,2,85,29.9,20,2541.5,508.3,2033.2,Em estoque
13,8,1,20170711,4,2,24,29.9,0,717.6,0.0,717.6,Em estoque
13,8,1,20170806,4,2,91,29.9,20,2720.9,544.18,2176.72,Em estoque
13,8,1,20170903,2,2,50,29.9,5,1495.0,74.75,1420.25,Em estoque
13,8,1,20171003,1,2,99,29.9,20,2960.1,592.02,2368.08,Em estoque
13,8,1,20171101,2,2,46,29.9,0,1375.4,0.0,1375.4,Em estoque
13,8,1,20171202,3,2,19,29.9,10,568.1,56.81,511.29,Em estoque
13,8,1,20171229,4,2,50,29.9,0,1495.0,0.0,1495.0,Em estoque
13,8,1,20180126,3,2,33,29.9,15,986.7,148.0,838.69,Em estoque
13,8,1,20180302,2,2,73,29.9,15,2182.7,327.4,1855.29,Em estoque
13,8,1,20180330,2,2,40,29.9,20,1196.0,239.2,956.8,Em estoque
13,8,1,20180428,2,2,39,29.9,0,1166.1,0.0,1166.1,Em estoque
13,8,1,20180526,3,2,29,29.9,20,867.1,173.42,693.68,Em estoque
13,8,1,20180621,1,2,20,29.9,15,598.0,89.7,508.3,Em estoque
13,8,1,20180726,4,2,88,29.9,0,2631.2,0.0,2631.2,Em estoque
13,8,1,20180828,1,2,71,29.9,0,2122.9,0.0,2122.9,Em estoque
13,8,1,20181001,3,2,73,29.9,10,2182.7,218.27,1964.43,Em estoque
13,8,1,20181030,4,2,33,29.9,20,986.7,197.34,789.36,Em estoque
13,8,1,20181202,3,2,60,29.9,0,1794.0,0.0,1794.0,Em estoque
13,8,1,20190105,2,2,16,29.9,10,478.4,47.84,430.56,Em estoque
13,8,1,20190205,4,2,79,29.9,0,2362.1,0.0,2362.1,Em estoque
13,8,1,20190310,3,2,60,29.9,20,1794.0,358.8,1435.2,Em estoque
13,8,1,20190414,2,2,68,29.9,0,2033.2,0.0,2033.2,Em estoque
13,8,1,20190517,4,2,50,29.9,15,1495.0,224.25,1270.75,Em estoque
13,8,1,20190611,1,2,96,29.9,0,2870.4,0.0,2870.4,Em estoque
13,8,1,20190712,1,2,51,29.9,0,1524.9,0.0,1524.9,Em estoque
13,8,1,20190815,3,2,33,29.9,10,986.7,98.67,888.03,Em estoque
13,8,1,20190913,2,2,44,29.9,5,1315.6,65.78,1249.82,Em estoque
13,8,1,20191017,3,2,56,29.9,0,1674.4,0.0,1674.4,Em estoque
13,8,1,20191118,4,2,36,29.9,5,1076.4,53.82,1022.58,Em estoque
13,8,1,20191218,3,2,61,29.9,0,1823.9,0.0,1823.9,Em estoque
13,8,1,20200119,2,2,83,29.9,0,2481.7,0.0,2481.7,Em estoque
13,8,1,20200222,2,2,22,29.9,15,657.8,98.67,559.13,Em estoque
13,8,1,20200322,2,2,81,29.9,5,2421.9,121.1,2300.81,Em estoque
13,8,1,20200422,2,2,28,29.9,20,837.2,167.44,669.76,Em estoque
13,8,1,20200519,4,2,11,29.9,0,328.9,0.0,328.9,Em estoque
13,8,1,20200619,4,2,27,29.9,20,807.3,161.46,645.84,Em estoque
13,8,1,20200724,3,2,72,29.9,0,2152.8,0.0,2152.8,Em estoque
13,8,1,20200822,1,2,60,29.9,0,1794.0,0.0,1794.0,Em estoque
13,8,1,20200918,1,2,37,29.9,20,1106.3,221.26,885.04,Em estoque
13,8,1,20201017,4,2,90,29.9,0,2691.0,0.0,2691.0,Em estoque
13,8,1,20201118,3,2,43,29.9,0,1285.7,0.0,1285.7,Em estoque
13,8,1,20201218,3,2,54,29.9,0,1614.6,0.0,1614.6,Em estoque
13,8,1,20210118,1,2,54,29.9,20,1614.6,322.92,1291.68,Em estoque
13,8,1,20210222,2,2,83,29.9,10,2481.7,248.17,2233.53,Em estoque
13,8,1,20210329,2,2,46,29.9,0,1375.4,0.0,1375.4,Em estoque
13,8,1,20210428,4,2,67,29.9,0,2003.3,0.0,2003.3,Em estoque
13,8,1,20210529,3,2,69,29.9,15,2063.1,309.46,1753.63,Em estoque
13,8,1,20210625,2,2,91,29.9,20,2720.9,544.18,2176.72,Em estoque
13,8,1,20210725,4,2,90,29.9,10,2691.0,269.1,2421.9,Em estoque
13,8,1,20210828,4,2,19,29.9,0,568.1,0.0,568.1,Em estoque
13,8,1,20210924,3,2,39,29.9,0,1166.1,0.0,1166.1,Em estoque
13,8,1,20211024,3,2,100,29.9,0,2990.0,0.0,2990.0,Em estoque
13,8,1,20211127,4,2,44,29.9,5,1315.6,65.78,1249.82,Em estoque
13,8,1,20211227,4,2,62,29.9,0,1853.8,0.0,1853.8,Em estoque
13,8,1,20220123,1,2,26,29.9,15,777.4,116.61,660.79,Em estoque
13,8,1,20220220,3,2,99,29.9,15,2960.1,444.01,2516.09,Em estoque
13,8,1,20220318,2,2,31,29.9,5,926.9,46.34,880.55,Em estoque
13,8,1,20220413,1,2,18,29.9,5,538.2,26.91,511.29,Em estoque
13,8,1,20220516,1,2,13,29.9,20,388.7,77.74,310.96,Em estoque
13,8,1,20220616,1,2,23,29.9,0,687.7,0.0,687.7,Em estoque
13,8,1,20220720,2,2,20,29.9,15,598.0,89.7,508.3,Em estoque
13,8,1,20220820,3,2,39,29.9,0,1166.1,0.0,1166.1,Em estoque
13,8,1,20220918,4,2,90,29.9,0,2691.0,0.0,2691.0,Em estoque
13,8,1,20221015,2,2,13,29.9,0,388.7,0.0,388.7,Em estoque
13,8,1,20221119,3,2,51,29.9,20,1524.9,304.98,1219.92,Em estoque
13,8,1,20221221,4,2,79,29.9,0,2362.1,0.0,2362.1,Em estoque
13,8,1,20230123,4,2,27,29.9,15,807.3,121.09,686.2,Em estoque
13,8,1,20230225,2,2,85,29.9,10,2541.5,254.15,2287.35,Em estoque
13,8,1,20230329,4,2,77,29.9,15,2302.3,345.34,1956.95,Em estoque
13,8,1,20230503,3,2,54,29.9,5,1614.6,80.73,1533.87,Em estoque
13,8,1,20230605,2,2,21,29.9,5,627.9,31.39,596.5,Em estoque
13,8,1,20230704,3,2,62,29.9,0,1853.8,0.0,1853.8,Em estoque
13,8,1,20230731,3,2,11,29.9,0,328.9,0.0,328.9,Em estoque
13,8,1,20230902,2,2,54,29.9,0,1614.6,0.0,1614.6,Em estoque
13,8,1,20231004,1,2,98,29.9,5,2930.2,146.51,2783.69,Em estoque
13,8,1,20231105,3,2,11,29.9,20,328.9,65.78,263.12,Em estoque
13,8,1,20231206,3,2,86,29.9,0,2571.4,0.0,2571.4,Em estoque
13,8,1,20231231,3,2,34,29.9,5,1016.6,50.83,965.77,Em estoque
13,8,1,20240202,4,2,60,29.9,0,1794.0,0.0,1794.0,Em estoque
13,8,1,20240229,4,2,58,29.9,0,1734.2,0.0,1734.2,Em estoque
13,8,1,20240329,1,2,64,29.9,15,1913.6,287.04,1626.56,Em estoque
13,8,1,20240426,3,2,46,29.9,15,1375.4,206.31,1169.09,Em estoque
13,8,1,20240529,3,2,62,29.9,0,1853.8,0.0,1853.8,Em estoque
13,8,1,20240624,2,2,27,29.9,0,807.3,0.0,807.3,Em estoque
13,8,1,20240720,4,2,89,29.9,5,2661.1,133.06,2528.05,Em estoque
13,8,1,20240818,4,2,34,29.9,0,1016.6,0.0,1016.6,Em estoque
13,8,1,20240912,2,2,16,29.9,10,478.4,47.84,430.56,Em estoque
13,8,1,20241007,2,2,23,29.9,0,687.7,0.0,687.7,Em estoque
13,8,1,20241105,2,2,66,29.9,15,1973.4,296.01,1677.39,Em estoque
13,8,1,20241130,2,2,21,29.9,0,627.9,0.0,627.9,Em estoque
13,8,1,20241225,4,2,37,29.9,0,1106.3,0.0,1106.3,Em estoque
13,8,1,20250125,3,2,73,29.9,0,2182.7,0.0,2182.7,Em estoque
13,8,1,20250226,1,2,52,29.9,0,1554.8,0.0,1554.8,Em estoque
13,8,1,20250325,1,2,44,29.9,20,1315.6,263.12,1052.48,Em estoque
13,8,1,20250425,1,2,79,29.9,5,2362.1,118.11,2243.99,Em estoque
13,8,1,20250522,2,2,42,29.9,20,1255.8,251.16,1004.64,Em estoque
13,8,1,20250622,1,2,25,29.9,20,747.5,149.5,598.0,Em estoque
13,8,1,20250720,4,2,66,29.9,0,1973.4,0.0,1973.4,Em estoque
13,8,1,20250814,2,2,68,29.9,15,2033.2,304.98,1728.22,Em estoque
13,8,1,20250909,2,2,70,29.9,5,2093.0,104.65,1988.35,Em estoque
13,8,1,20251014,3,2,51,29.9,0,1524.9,0.0,1524.9,Em estoque
13,8,1,20251118,1,2,80,29.9,10,2392.0,239.2,2152.8,Em estoque
13,8,1,20251214,3,2,71,29.9,15,2122.9,318.44,1804.47,Em estoque
13,8,1,20260112,2,2,56,29.9,0,1674.4,0.0,1674.4,Em estoque
13,8,1,20260216,2,2,24,29.9,0,717.6,0.0,717.6,Em estoque
13,8,1,20260323,4,2,51,29.9,0,1524.9,0.0,1524.9,Em estoque
13,8,1,20260419,3,2,84,29.9,0,2511.6,0.0,2511.6,Em estoque
13,8,1,20260520,2,2,11,29.9,0,328.9,0.0,328.9,Em estoque
13,8,1,20260623,4,2,98,29.9,10,2930.2,293.02,2637.18,Em estoque
13,8,1,20260720,3,2,21,29.9,0,627.9,0.0,627.9,Em estoque
14,4,1,20170523,3,2,90,29.0,0,2610.0,0.0,2610.0,Em estoque
14,4,1,20170617,3,2,92,29.0,0,2668.0,0.0,2668.0,Em estoque
14,4,1,20170720,1,2,26,29.0,5,754.0,37.7,716.3,Em estoque
14,4,1,20170817,3,2,81,29.0,20,2349.0,469.8,1879.2,Em estoque
14,4,1,20170921,3,2,66,29.0,15,1914.0,287.1,1626.9,Em estoque
14,4,1,20171019,1,2,98,29.0,5,2842.0,142.1,2699.9,Em estoque
14,4,1,20171118,2,2,42,29.0,0,1218.0,0.0,1218.0,Em estoque
14,4,1,20171220,4,2,81,29.0,0,2349.0,0.0,2349.0,Em estoque
14,4,1,20180122,4,2,34,29.0,10,986.0,98.6,887.4,Em estoque
14,4,1,20180218,3,2,51,29.0,15,1479.0,221.85,1257.15,Em estoque
14,4,1,20180322,3,2,86,29.0,20,2494.0,498.8,1995.2,Em estoque
14,4,1,20180424,2,2,18,29.0,10,522.0,52.2,469.8,Em estoque
14,4,1,20180521,4,2,47,29.0,20,1363.0,272.6,1090.4,Em estoque
14,4,1,20180619,3,2,68,29.0,0,1972.0,0.0,1972.0,Em estoque
14,4,1,20180724,4,2,33,29.0,0,957.0,0.0,957.0,Em estoque
14,4,1,20180827,3,2,89,29.0,0,2581.0,0.0,2581.0,Em estoque
14,4,1,20180926,1,2,94,29.0,10,2726.0,272.6,2453.4,Em estoque
14,4,1,20181027,2,2,77,29.0,15,2233.0,334.95,1898.05,Em estoque
14,4,1,20181128,2,2,88,29.0,0,2552.0,0.0,2552.0,Em estoque
14,4,1,20181228,4,2,92,29.0,0,2668.0,0.0,2668.0,Em estoque
14,4,1,20190123,1,2,76,29.0,15,2204.0,330.6,1873.4,Em estoque
14,4,1,20190218,1,2,26,29.0,0,754.0,0.0,754.0,Em estoque
14,4,1,20190315,2,2,23,29.0,5,667.0,33.35,633.65,Em estoque
14,4,1,20190412,1,2,14,29.0,10,406.0,40.6,365.4,Em estoque
14,4,1,20190517,4,2,94,29.0,5,2726.0,136.3,2589.7,Em estoque
14,4,1,20190619,3,2,16,29.0,0,464.0,0.0,464.0,Em estoque
14,4,1,20190717,1,2,11,29.0,0,319.0,0.0,319.0,Em estoque
14,4,1,20190821,4,2,20,29.0,5,580.0,29.0,551.0,Em estoque
14,4,1,20190925,1,2,56,29.0,10,1624.0,162.4,1461.6,Em estoque
14,4,1,20191026,3,2,100,29.0,0,2900.0,0.0,2900.0,Em estoque
14,4,1,20191129,3,2,77,29.0,0,2233.0,0.0,2233.0,Em estoque
14,4,1,20191225,3,2,19,29.0,0,551.0,0.0,551.0,Em estoque
14,4,1,20200127,1,2,22,29.0,15,638.0,95.7,542.3,Em estoque
14,4,1,20200224,4,2,34,29.0,0,986.0,0.0,986.0,Em estoque
14,4,1,20200328,2,2,82,29.0,15,2378.0,356.7,2021.3,Em estoque
14,4,1,20200424,4,2,23,29.0,20,667.0,133.4,533.6,Em estoque
14,4,1,20200529,3,2,96,29.0,5,2784.0,139.2,2644.8,Em estoque
14,4,1,20200703,4,2,23,29.0,0,667.0,0.0,667.0,Em estoque
14,4,1,20200730,4,2,74,29.0,0,2146.0,0.0,2146.0,Em estoque
14,4,1,20200903,2,2,78,29.0,10,2262.0,226.2,2035.8,Em estoque
14,4,1,20201005,3,2,50,29.0,10,1450.0,145.0,1305.0,Em estoque
14,4,1,20201104,3,2,62,29.0,20,1798.0,359.6,1438.4,Em estoque
14,4,1,20201209,4,2,51,29.0,10,1479.0,147.9,1331.1,Em estoque
14,4,1,20210106,2,2,58,29.0,20,1682.0,336.4,1345.6,Em estoque
14,4,1,20210208,3,2,56,29.0,5,1624.0,81.2,1542.8,Em estoque
14,4,1,20210312,4,2,10,29.0,15,290.0,43.5,246.5,Em estoque
14,4,1,20210406,3,2,86,29.0,0,2494.0,0.0,2494.0,Em estoque
14,4,1,20210509,2,2,48,29.0,0,1392.0,0.0,1392.0,Em estoque
14,4,1,20210607,2,2,37,29.0,20,1073.0,214.6,858.4,Em estoque
14,4,1,20210707,1,2,98,29.0,20,2842.0,568.4,2273.6,Em estoque
14,4,1,20210805,2,2,22,29.0,0,638.0,0.0,638.0,Em estoque
14,4,1,20210906,3,2,29,29.0,0,841.0,0.0,841.0,Em estoque
14,4,1,20211005,3,2,84,29.0,0,2436.0,0.0,2436.0,Em estoque
14,4,1,20211102,3,2,48,29.0,0,1392.0,0.0,1392.0,Em estoque
14,4,1,20211206,4,2,82,29.0,0,2378.0,0.0,2378.0,Em estoque
14,4,1,20220101,3,2,71,29.0,0,2059.0,0.0,2059.0,Em estoque
14,4,1,20220202,1,2,86,29.0,15,2494.0,374.1,2119.9,Em estoque
14,4,1,20220303,1,2,83,29.0,5,2407.0,120.35,2286.65,Em estoque
14,4,1,20220329,1,2,52,29.0,0,1508.0,0.0,1508.0,Em estoque
14,4,1,20220429,4,2,25,29.0,20,725.0,145.0,580.0,Em estoque
14,4,1,20220527,1,2,91,29.0,20,2639.0,527.8,2111.2,Em estoque
14,4,1,20220701,4,2,16,29.0,0,464.0,0.0,464.0,Em estoque
14,4,1,20220803,1,2,50,29.0,10,1450.0,145.0,1305.0,Em estoque
14,4,1,20220906,2,2,51,29.0,10,1479.0,147.9,1331.1,Em estoque
14,4,1,20221004,2,2,16,29.0,15,464.0,69.6,394.4,Em estoque
14,4,1,20221104,4,2,86,29.0,10,2494.0,249.4,2244.6,Em estoque
14,4,1,20221207,1,2,38,29.0,5,1102.0,55.1,1046.9,Em estoque
14,4,1,20230105,4,2,28,29.0,0,812.0,0.0,812.0,Em estoque
14,4,1,20230204,1,2,70,29.0,10,2030.0,203.0,1827.0,Em estoque
14,4,1,20230301,4,2,43,29.0,0,1247.0,0.0,1247.0,Em estoque
14,4,1,20230401,4,2,99,29.0,0,2871.0,0.0,2871.0,Em estoque
14,4,1,20230428,4,2,81,29.0,0,2349.0,0.0,2349.0,Em estoque
14,4,1,20230530,4,2,93,29.0,10,2697.0,269.7,2427.3,Em estoque
14,4,1,20230627,2,2,41,29.0,0,1189.0,0.0,1189.0,Em estoque
14,4,1,20230726,4,2,51,29.0,15,1479.0,221.85,1257.15,Em estoque
14,4,1,20230829,1,2,24,29.0,15,696.0,104.4,591.6,Em estoque
14,4,1,20230929,4,2,56,29.0,0,1624.0,0.0,1624.0,Em estoque
14,4,1,20231027,3,2,54,29.0,10,1566.0,156.6,1409.4,Em estoque
14,4,1,20231201,1,2,49,29.0,0,1421.0,0.0,1421.0,Em estoque
14,4,1,20231231,4,2,89,29.0,0,2581.0,0.0,2581.0,Em estoque
14,4,1,20240201,1,2,39,29.0,0,1131.0,0.0,1131.0,Em estoque
14,4,1,20240307,3,2,29,29.0,20,841.0,168.2,672.8,Em estoque
14,4,1,20240402,1,2,16,29.0,0,464.0,0.0,464.0,Em estoque
14,4,1,20240506,2,2,46,29.0,0,1334.0,0.0,1334.0,Em estoque
14,4,1,20240605,1,2,49,29.0,5,1421.0,71.05,1349.95,Em estoque
14,4,1,20240707,1,2,52,29.0,0,1508.0,0.0,1508.0,Em estoque
14,4,1,20240809,2,2,36,29.0,10,1044.0,104.4,939.6,Em estoque
14,4,1,20240911,3,2,80,29.0,5,2320.0,116.0,2204.0,Em estoque
14,4,1,20241015,2,2,98,29.0,15,2842.0,426.3,2415.7,Em estoque
14,4,1,20241119,1,2,58,29.0,10,1682.0,168.2,1513.8,Em estoque
14,4,1,20241224,1,2,42,29.0,0,1218.0,0.0,1218.0,Em estoque
14,4,1,20250118,3,2,35,29.0,20,1015.0,203.0,812.0,Em estoque
14,4,1,20250221,3,2,16,29.0,5,464.0,23.2,440.8,Em estoque
14,4,1,20250328,1,2,18,29.0,5,522.0,26.1,495.9,Em estoque
14,4,1,20250502,3,2,94,29.0,20,2726.0,545.2,2180.8,Em estoque
14,4,1,20250606,3,2,23,29.0,0,667.0,0.0,667.0,Em estoque
14,4,1,20250705,4,2,39,29.0,5,1131.0,56.55,1074.45,Em estoque
14,4,1,20250807,1,2,50,29.0,5,1450.0,72.5,1377.5,Em estoque
14,4,1,20250910,1,2,33,29.0,0,957.0,0.0,957.0,Em estoque
14,4,1,20251013,4,2,81,29.0,15,2349.0,352.35,1996.65,Em estoque
14,4,1,20251107,1,2,41,29.0,10,1189.0,118.9,1070.1,Em estoque
14,4,1,20251206,3,2,72,29.0,5,2088.0,104.4,1983.6,Em estoque
14,4,1,20260102,1,2,54,29.0,15,1566.0,234.9,1331.1,Em estoque
14,4,1,20260201,3,2,90,29.0,0,2610.0,0.0,2610.0,Em estoque
14,4,1,20260301,3,2,17,29.0,15,493.0,73.95,419.05,Em estoque
14,4,1,20260330,4,2,13,29.0,10,377.0,37.7,339.3,Em estoque
14,4,1,20260428,2,2,29,29.0,0,841.0,0.0,841.0,Em estoque
14,4,1,20260529,2,2,21,29.0,15,609.0,91.35,517.65,Em estoque
14,4,1,20260629,2,2,63,29.0,0,1827.0,0.0,1827.0,Em estoque
14,4,1,20260802,2,2,64,29.0,0,1856.0,0.0,1856.0,Em estoque
15,2,3,20170225,2,4,11,64.9,15,713.9,107.09,606.82,Em estoque
15,2,3,20170324,2,4,9,64.9,0,584.1,0.0,584.1,Em estoque
15,2,3,20170426,2,4,18,64.9,20,1168.2,233.64,934.56,Em estoque
15,2,3,20170523,2,4,15,64.9,0,973.5,0.0,973.5,Em estoque
15,2,3,20170625,1,4,10,64.9,0,649.0,0.0,649.0,Em estoque
15,2,3,20170722,1,4,29,64.9,0,1882.1,0.0,1882.1,Em estoque
15,2,3,20170822,4,4,14,64.9,5,908.6,45.43,863.17,Em estoque
15,2,3,20170926,3,4,9,64.9,20,584.1,116.82,467.28,Em estoque
15,2,3,20171024,1,4,9,64.9,0,584.1,0.0,584.1,Em estoque
15,2,3,20171118,3,4,24,64.9,10,1557.6,155.76,1401.84,Em estoque
15,2,3,20171222,2,4,24,64.9,0,1557.6,0.0,1557.6,Em estoque
15,2,3,20180119,1,4,16,64.9,0,1038.4,0.0,1038.4,Em estoque
15,2,3,20180220,2,4,21,64.9,20,1362.9,272.58,1090.32,Em estoque
15,2,3,20180326,4,4,27,64.9,15,1752.3,262.85,1489.46,Em estoque
15,2,3,20180425,2,4,17,64.9,5,1103.3,55.17,1048.14,Em estoque
15,2,3,20180527,2,4,10,64.9,0,649.0,0.0,649.0,Em estoque
15,2,3,20180624,1,4,18,64.9,20,1168.2,233.64,934.56,Em estoque
15,2,3,20180719,3,4,18,64.9,0,1168.2,0.0,1168.2,Em estoque
15,2,3,20180823,2,4,29,64.9,0,1882.1,0.0,1882.1,Em estoque
15,2,3,20180918,2,4,19,64.9,20,1233.1,246.62,986.48,Em estoque
15,2,3,20181022,4,4,27,64.9,0,1752.3,0.0,1752.3,Em estoque
15,2,3,20181123,2,4,18,64.9,5,1168.2,58.41,1109.79,Em estoque
15,2,3,20181218,4,4,28,64.9,0,1817.2,0.0,1817.2,Em estoque
15,2,3,20190118,1,4,21,64.9,0,1362.9,0.0,1362.9,Em estoque
15,2,3,20190219,4,4,6,64.9,0,389.4,0.0,389.4,Em estoque
15,2,3,20190324,4,4,28,64.9,0,1817.2,0.0,1817.2,Em estoque
15,2,3,20190426,4,4,21,64.9,20,1362.9,272.58,1090.32,Em estoque
15,2,3,20190531,1,4,11,64.9,0,713.9,0.0,713.9,Em estoque
15,2,3,20190702,4,4,14,64.9,20,908.6,181.72,726.88,Em estoque
15,2,3,20190731,4,4,10,64.9,5,649.0,32.45,616.55,Em estoque
15,2,3,20190829,1,4,27,64.9,10,1752.3,175.23,1577.07,Em estoque
15,2,3,20190925,4,4,25,64.9,5,1622.5,81.13,1541.38,Em estoque
15,2,3,20191021,1,4,10,64.9,20,649.0,129.8,519.2,Em estoque
15,2,3,20191124,2,4,17,64.9,5,1103.3,55.17,1048.14,Em estoque
15,2,3,20191224,4,4,5,64.9,0,324.5,0.0,324.5,Em estoque
15,2,3,20200125,2,4,19,64.9,0,1233.1,0.0,1233.1,Em estoque
15,2,3,20200223,3,4,27,64.9,15,1752.3,262.85,1489.46,Em estoque
15,2,3,20200321,1,4,7,64.9,0,454.3,0.0,454.3,Em estoque
15,2,3,20200422,3,4,7,64.9,10,454.3,45.43,408.87,Em estoque
15,2,3,20200523,2,4,17,64.9,10,1103.3,110.33,992.97,Em estoque
15,2,3,20200623,1,4,29,64.9,0,1882.1,0.0,1882.1,Em estoque
15,2,3,20200723,2,4,10,64.9,20,649.0,129.8,519.2,Em estoque
15,2,3,20200819,2,4,29,64.9,15,1882.1,282.31,1599.79,Em estoque
15,2,3,20200913,4,4,14,64.9,0,908.6,0.0,908.6,Em estoque
15,2,3,20201015,3,4,25,64.9,0,1622.5,0.0,1622.5,Em estoque
15,2,3,20201110,2,4,11,64.9,0,713.9,0.0,713.9,Em estoque
15,2,3,20201214,3,4,5,64.9,5,324.5,16.23,308.27,Em estoque
15,2,3,20210115,4,4,22,64.9,20,1427.8,285.56,1142.24,Em estoque
15,2,3,20210209,4,4,12,64.9,0,778.8,0.0,778.8,Em estoque
15,2,3,20210315,4,4,19,64.9,5,1233.1,61.66,1171.45,Em estoque
15,2,3,20210416,1,4,24,64.9,10,1557.6,155.76,1401.84,Em estoque
15,2,3,20210511,2,4,22,64.9,0,1427.8,0.0,1427.8,Em estoque
15,2,3,20210614,2,4,6,64.9,0,389.4,0.0,389.4,Em estoque
15,2,3,20210711,1,4,25,64.9,0,1622.5,0.0,1622.5,Em estoque
15,2,3,20210805,2,4,6,64.9,15,389.4,58.41,330.99,Em estoque
15,2,3,20210908,3,4,15,64.9,0,973.5,0.0,973.5,Em estoque
15,2,3,20211003,1,4,18,64.9,0,1168.2,0.0,1168.2,Em estoque
15,2,3,20211030,3,4,24,64.9,15,1557.6,233.64,1323.96,Em estoque
15,2,3,20211203,2,4,19,64.9,15,1233.1,184.97,1048.14,Em estoque
15,2,3,20220106,3,4,6,64.9,0,389.4,0.0,389.4,Em estoque
15,2,3,20220204,3,4,16,64.9,5,1038.4,51.92,986.48,Em estoque
15,2,3,20220302,4,4,22,64.9,0,1427.8,0.0,1427.8,Em estoque
15,2,3,20220331,4,4,9,64.9,0,584.1,0.0,584.1,Em estoque
15,2,3,20220429,3,4,21,64.9,5,1362.9,68.15,1294.76,Em estoque
15,2,3,20220601,2,4,27,64.9,0,1752.3,0.0,1752.3,Em estoque
15,2,3,20220705,1,4,8,64.9,10,519.2,51.92,467.28,Em estoque
15,2,3,20220809,1,4,20,64.9,15,1298.0,194.7,1103.3,Em estoque
15,2,3,20220912,3,4,18,64.9,10,1168.2,116.82,1051.38,Em estoque
15,2,3,20221012,3,4,21,64.9,10,1362.9,136.29,1226.61,Em estoque
15,2,3,20221115,3,4,9,64.9,10,584.1,58.41,525.69,Em estoque
15,2,3,20221219,4,4,21,64.9,15,1362.9,204.44,1158.47,Em estoque
15,2,3,20230123,4,4,20,64.9,20,1298.0,259.6,1038.4,Em estoque
15,2,3,20230219,2,4,27,64.9,0,1752.3,0.0,1752.3,Em estoque
15,2,3,20230319,1,4,8,64.9,0,519.2,0.0,519.2,Em estoque
15,2,3,20230420,1,4,28,64.9,20,1817.2,363.44,1453.76,Em estoque
15,2,3,20230518,4,4,18,64.9,0,1168.2,0.0,1168.2,Em estoque
15,2,3,20230617,3,4,22,64.9,20,1427.8,285.56,1142.24,Em estoque
15,2,3,20230722,2,4,5,64.9,15,324.5,48.67,275.82,Em estoque
15,2,3,20230819,3,4,13,64.9,20,843.7,168.74,674.96,Em estoque
15,2,3,20230914,3,4,14,64.9,10,908.6,90.86,817.74,Em estoque
15,2,3,20231017,3,4,29,64.9,0,1882.1,0.0,1882.1,Em estoque
15,2,3,20231112,3,4,15,64.9,5,973.5,48.68,924.83,Em estoque
15,2,3,20231216,1,4,10,64.9,0,649.0,0.0,649.0,Em estoque
15,2,3,20240115,3,4,26,64.9,5,1687.4,84.37,1603.03,Em estoque
15,2,3,20240216,1,4,25,64.9,0,1622.5,0.0,1622.5,Em estoque
15,2,3,20240319,2,4,25,64.9,5,1622.5,81.13,1541.38,Em estoque
15,2,3,20240421,3,4,19,64.9,20,1233.1,246.62,986.48,Em estoque
15,2,3,20240522,1,4,21,64.9,0,1362.9,0.0,1362.9,Em estoque
15,2,3,20240625,3,4,22,64.9,10,1427.8,142.78,1285.02,Em estoque
15,2,3,20240720,2,4,23,64.9,15,1492.7,223.91,1268.8,Em estoque
15,2,3,20240819,3,4,7,64.9,0,454.3,0.0,454.3,Em estoque
15,2,3,20240917,1,4,15,64.9,5,973.5,48.68,924.83,Em estoque
15,2,3,20241022,2,4,23,64.9,10,1492.7,149.27,1343.43,Em estoque
15,2,3,20241122,2,4,24,64.9,0,1557.6,0.0,1557.6,Em estoque
15,2,3,20241221,3,4,27,64.9,0,1752.3,0.0,1752.3,Em estoque
15,2,3,20250119,4,4,7,64.9,5,454.3,22.72,431.59,Em estoque
15,2,3,20250216,3,4,19,64.9,20,1233.1,246.62,986.48,Em estoque
15,2,3,20250317,2,4,21,64.9,0,1362.9,0.0,1362.9,Em estoque
15,2,3,20250413,1,4,16,64.9,20,1038.4,207.68,830.72,Em estoque
15,2,3,20250508,2,4,7,64.9,5,454.3,22.72,431.59,Em estoque
15,2,3,20250610,1,4,30,64.9,5,1947.0,97.35,1849.65,Em estoque
15,2,3,20250713,2,4,11,64.9,0,713.9,0.0,713.9,Em estoque
15,2,3,20250814,3,4,29,64.9,0,1882.1,0.0,1882.1,Em estoque
15,2,3,20250910,1,4,21,64.9,15,1362.9,204.44,1158.47,Em estoque
15,2,3,20251007,2,4,28,64.9,0,1817.2,0.0,1817.2,Em estoque
15,2,3,20251108,4,4,27,64.9,20,1752.3,350.46,1401.84,Em estoque
15,2,3,20251211,1,4,5,64.9,0,324.5,0.0,324.5,Em estoque
15,2,3,20260105,1,4,15,64.9,5,973.5,48.68,924.83,Em estoque
15,2,3,20260130,1,4,21,64.9,20,1362.9,272.58,1090.32,Em estoque
15,2,3,20260306,3,4,5,64.9,10,324.5,32.45,292.05,Em estoque
15,2,3,20260404,2,4,15,64.9,0,973.5,0.0,973.5,Em estoque
15,2,3,20260502,3,4,13,64.9,10,843.7,84.37,759.33,Em estoque
15,2,3,20260601,4,4,26,64.9,0,1687.4,0.0,1687.4,Em estoque
15,2,3,20260630,2,4,10,64.9,0,649.0,0.0,649.0,Em estoque
15,2,3,20260726,1,4,24,64.9,10,1557.6,155.76,1401.84,Em estoque
16,9,3,20161101,3,1,80,19.9,0,1592.0,0.0,1592.0,Em estoque
16,9,3,20161130,2,1,100,19.9,20,1990.0,398.0,1592.0,Em estoque
16,9,3,20161229,2,1,31,19.9,0,616.9,0.0,616.9,Em estoque
16,9,3,20170127,3,1,79,19.9,5,1572.1,78.61,1493.49,Em estoque
16,9,3,20170221,2,1,13,19.9,5,258.7,12.94,245.76,Em estoque
16,9,3,20170328,1,1,23,19.9,5,457.7,22.89,434.81,Em estoque
16,9,3,20170422,1,1,64,19.9,5,1273.6,63.68,1209.92,Em estoque
16,9,3,20170519,4,1,88,19.9,0,1751.2,0.0,1751.2,Em estoque
16,9,3,20170617,3,1,35,19.9,15,696.5,104.47,592.02,Em estoque
16,9,3,20170722,1,1,69,19.9,10,1373.1,137.31,1235.79,Em estoque
16,9,3,20170818,1,1,99,19.9,5,1970.1,98.5,1871.59,Em estoque
16,9,3,20170913,4,1,49,19.9,15,975.1,146.26,828.83,Em estoque
16,9,3,20171018,4,1,70,19.9,0,1393.0,0.0,1393.0,Em estoque
16,9,3,20171115,2,1,88,19.9,0,1751.2,0.0,1751.2,Em estoque
16,9,3,20171215,4,1,33,19.9,15,656.7,98.5,558.19,Em estoque
16,9,3,20180119,3,1,51,19.9,5,1014.9,50.75,964.15,Em estoque
16,9,3,20180220,1,1,18,19.9,5,358.2,17.91,340.29,Em estoque
16,9,3,20180318,3,1,71,19.9,5,1412.9,70.64,1342.25,Em estoque
16,9,3,20180414,3,1,54,19.9,10,1074.6,107.46,967.14,Em estoque
16,9,3,20180518,2,1,75,19.9,0,1492.5,0.0,1492.5,Em estoque
16,9,3,20180618,1,1,51,19.9,10,1014.9,101.49,913.41,Em estoque
16,9,3,20180723,1,1,48,19.9,10,955.2,95.52,859.68,Em estoque
16,9,3,20180824,4,1,85,19.9,5,1691.5,84.57,1606.92,Em estoque
16,9,3,20180921,2,1,80,19.9,0,1592.0,0.0,1592.0,Em estoque
16,9,3,20181023,4,1,18,19.9,0,358.2,0.0,358.2,Em estoque
16,9,3,20181120,4,1,65,19.9,10,1293.5,129.35,1164.15,Em estoque
16,9,3,20181220,2,1,32,19.9,15,636.8,95.52,541.28,Em estoque
16,9,3,20190124,1,1,83,19.9,20,1651.7,330.34,1321.36,Em estoque
16,9,3,20190225,1,1,85,19.9,10,1691.5,169.15,1522.35,Em estoque
16,9,3,20190329,3,1,81,19.9,0,1611.9,0.0,1611.9,Em estoque
16,9,3,20190430,2,1,49,19.9,5,975.1,48.75,926.34,Em estoque
16,9,3,20190526,1,1,97,19.9,20,1930.3,386.06,1544.24,Em estoque
16,9,3,20190629,4,1,51,19.9,5,1014.9,50.75,964.15,Em estoque
16,9,3,20190803,1,1,21,19.9,0,417.9,0.0,417.9,Em estoque
16,9,3,20190830,1,1,28,19.9,15,557.2,83.58,473.62,Em estoque
16,9,3,20190926,4,1,78,19.9,0,1552.2,0.0,1552.2,Em estoque
16,9,3,20191027,4,1,35,19.9,0,696.5,0.0,696.5,Em estoque
16,9,3,20191201,3,1,48,19.9,10,955.2,95.52,859.68,Em estoque
16,9,3,20200105,3,1,65,19.9,15,1293.5,194.03,1099.47,Em estoque
16,9,3,20200204,1,1,84,19.9,0,1671.6,0.0,1671.6,Em estoque
16,9,3,20200309,4,1,26,19.9,20,517.4,103.48,413.92,Em estoque
16,9,3,20200407,1,1,57,19.9,10,1134.3,113.43,1020.87,Em estoque
16,9,3,20200502,1,1,100,19.9,10,1990.0,199.0,1791.0,Em estoque
16,9,3,20200601,1,1,46,19.9,20,915.4,183.08,732.32,Em estoque
16,9,3,20200626,2,1,65,19.9,15,1293.5,194.03,1099.47,Em estoque
16,9,3,20200730,4,1,90,19.9,0,1791.0,0.0,1791.0,Em estoque
16,9,3,20200830,4,1,58,19.9,5,1154.2,57.71,1096.49,Em estoque
16,9,3,20201002,2,1,94,19.9,0,1870.6,0.0,1870.6,Em estoque
16,9,3,20201103,2,1,34,19.9,10,676.6,67.66,608.94,Em estoque
16,9,3,20201204,3,1,63,19.9,0,1253.7,0.0,1253.7,Em estoque
16,9,3,20210102,2,1,27,19.9,0,537.3,0.0,537.3,Em estoque
16,9,3,20210128,1,1,28,19.9,15,557.2,83.58,473.62,Em estoque
16,9,3,20210301,4,1,27,19.9,0,537.3,0.0,537.3,Em estoque
16,9,3,20210328,4,1,68,19.9,20,1353.2,270.64,1082.56,Em estoque
16,9,3,20210501,4,1,89,19.9,0,1771.1,0.0,1771.1,Em estoque
16,9,3,20210602,4,1,80,19.9,20,1592.0,318.4,1273.6,Em estoque
16,9,3,20210704,4,1,55,19.9,0,1094.5,0.0,1094.5,Em estoque
16,9,3,20210731,4,1,87,19.9,0,1731.3,0.0,1731.3,Em estoque
16,9,3,20210903,4,1,40,19.9,15,796.0,119.4,676.6,Em estoque
16,9,3,20211006,3,1,62,19.9,10,1233.8,123.38,1110.42,Em estoque
16,9,3,20211109,3,1,14,19.9,0,278.6,0.0,278.6,Em estoque
16,9,3,20211213,4,1,100,19.9,0,1990.0,0.0,1990.0,Em estoque
16,9,3,20220108,4,1,98,19.9,0,1950.2,0.0,1950.2,Em estoque
16,9,3,20220204,3,1,69,19.9,10,1373.1,137.31,1235.79,Em estoque
16,9,3,20220302,1,1,41,19.9,5,815.9,40.8,775.11,Em estoque
16,9,3,20220406,1,1,97,19.9,15,1930.3,289.54,1640.76,Em estoque
16,9,3,20220509,3,1,88,19.9,0,1751.2,0.0,1751.2,Em estoque
16,9,3,20220608,1,1,70,19.9,5,1393.0,69.65,1323.35,Em estoque
16,9,3,20220711,4,1,83,19.9,15,1651.7,247.75,1403.94,Em estoque
16,9,3,20220810,4,1,55,19.9,20,1094.5,218.9,875.6,Em estoque
16,9,3,20220908,3,1,31,19.9,0,616.9,0.0,616.9,Em estoque
16,9,3,20221012,3,1,82,19.9,0,1631.8,0.0,1631.8,Em estoque
16,9,3,20221106,4,1,84,19.9,0,1671.6,0.0,1671.6,Em estoque
16,9,3,20221210,1,1,94,19.9,0,1870.6,0.0,1870.6,Em estoque
16,9,3,20230113,1,1,46,19.9,5,915.4,45.77,869.63,Em estoque
16,9,3,20230208,2,1,74,19.9,0,1472.6,0.0,1472.6,Em estoque
16,9,3,20230309,3,1,26,19.9,10,517.4,51.74,465.66,Em estoque
16,9,3,20230407,3,1,42,19.9,0,835.8,0.0,835.8,Em estoque
16,9,3,20230503,2,1,85,19.9,15,1691.5,253.72,1437.77,Em estoque
16,9,3,20230530,4,1,57,19.9,20,1134.3,226.86,907.44,Em estoque
16,9,3,20230626,3,1,99,19.9,0,1970.1,0.0,1970.1,Em estoque
16,9,3,20230728,2,1,77,19.9,20,1532.3,306.46,1225.84,Em estoque
16,9,3,20230822,3,1,20,19.9,0,398.0,0.0,398.0,Em estoque
16,9,3,20230925,2,1,73,19.9,20,1452.7,290.54,1162.16,Em estoque
16,9,3,20231026,4,1,40,19.9,15,796.0,119.4,676.6,Em estoque
16,9,3,20231127,2,1,36,19.9,10,716.4,71.64,644.76,Em estoque
16,9,3,20231227,1,1,92,19.9,0,1830.8,0.0,1830.8,Em estoque
16,9,3,20240122,1,1,31,19.9,5,616.9,30.84,586.05,Em estoque
16,9,3,20240222,4,1,48,19.9,5,955.2,47.76,907.44,Em estoque
16,9,3,20240326,2,1,58,19.9,15,1154.2,173.13,981.07,Em estoque
16,9,3,20240426,4,1,43,19.9,0,855.7,0.0,855.7,Em estoque
16,9,3,20240529,4,1,11,19.9,0,218.9,0.0,218.9,Em estoque
16,9,3,20240630,4,1,96,19.9,0,1910.4,0.0,1910.4,Em estoque
16,9,3,20240802,1,1,22,19.9,10,437.8,43.78,394.02,Em estoque
16,9,3,20240906,3,1,65,19.9,10,1293.5,129.35,1164.15,Em estoque
16,9,3,20241011,3,1,52,19.9,0,1034.8,0.0,1034.8,Em estoque
16,9,3,20241109,1,1,42,19.9,15,835.8,125.37,710.43,Em estoque
16,9,3,20241213,4,1,69,19.9,20,1373.1,274.62,1098.48,Em estoque
16,9,3,20250117,2,1,96,19.9,10,1910.4,191.04,1719.36,Em estoque
16,9,3,20250214,3,1,96,19.9,15,1910.4,286.56,1623.84,Em estoque
16,9,3,20250313,3,1,80,19.9,0,1592.0,0.0,1592.0,Em estoque
16,9,3,20250417,1,1,18,19.9,0,358.2,0.0,358.2,Em estoque
16,9,3,20250518,1,1,77,19.9,0,1532.3,0.0,1532.3,Em estoque
16,9,3,20250622,4,1,54,19.9,0,1074.6,0.0,1074.6,Em estoque
16,9,3,20250721,3,1,34,19.9,0,676.6,0.0,676.6,Em estoque
16,9,3,20250815,1,1,17,19.9,10,338.3,33.83,304.47,Em estoque
16,9,3,20250919,2,1,86,19.9,15,1711.4,256.71,1454.69,Em estoque
16,9,3,20251015,1,1,21,19.9,20,417.9,83.58,334.32,Em estoque
16,9,3,20251118,2,1,58,19.9,15,1154.2,173.13,981.07,Em estoque
16,9,3,20251223,2,1,24,19.9,15,477.6,71.64,405.96,Em estoque
16,9,3,20260119,3,1,47,19.9,5,935.3,46.77,888.53,Em estoque
16,9,3,20260223,1,1,91,19.9,5,1810.9,90.55,1720.35,Em estoque
16,9,3,20260324,4,1,98,19.9,15,1950.2,292.53,1657.67,Em estoque
16,9,3,20260423,3,1,30,19.9,20,597.0,119.4,477.6,Em estoque
16,9,3,20260519,3,1,17,19.9,5,338.3,16.91,321.38,Em estoque
16,9,3,20260619,3,1,17,19.9,0,338.3,0.0,338.3,Em estoque
16,9,3,20260718,2,1,66,19.9,0,1313.4,0.0,1313.4,Em estoque
16,9,3,20260819,2,1,88,19.9,5,1751.2,87.56,1663.64,Em estoque
17,10,3,20170806,1,1,28,10.9,10,305.2,30.52,274.68,Em estoque
17,10,3,20170906,2,1,88,10.9,15,959.2,143.88,815.32,Em estoque
17,10,3,20171002,4,1,43,10.9,0,468.7,0.0,468.7,Em estoque
17,10,3,20171027,1,1,19,10.9,10,207.1,20.71,186.39,Em estoque
17,10,3,20171125,4,1,12,10.9,5,130.8,6.54,124.26,Em estoque
17,10,3,20171222,1,1,14,10.9,15,152.6,22.89,129.71,Em estoque
17,10,3,20180122,3,1,29,10.9,15,316.1,47.41,268.69,Em estoque
17,10,3,20180221,4,1,83,10.9,0,904.7,0.0,904.7,Em estoque
17,10,3,20180326,4,1,71,10.9,5,773.9,38.7,735.2,Em estoque
17,10,3,20180426,1,1,79,10.9,0,861.1,0.0,861.1,Em estoque
17,10,3,20180521,4,1,98,10.9,20,1068.2,213.64,854.56,Em estoque
17,10,3,20180622,1,1,82,10.9,10,893.8,89.38,804.42,Em estoque
17,10,3,20180722,3,1,97,10.9,0,1057.3,0.0,1057.3,Em estoque
17,10,3,20180822,1,1,90,10.9,15,981.0,147.15,833.85,Em estoque
17,10,3,20180917,3,1,78,10.9,20,850.2,170.04,680.16,Em estoque
17,10,3,20181017,1,1,68,10.9,20,741.2,148.24,592.96,Em estoque
17,10,3,20181115,2,1,32,10.9,10,348.8,34.88,313.92,Em estoque
17,10,3,20181210,4,1,94,10.9,0,1024.6,0.0,1024.6,Em estoque
17,10,3,20190108,4,1,23,10.9,15,250.7,37.61,213.1,Em estoque
17,10,3,20190207,4,1,20,10.9,15,218.0,32.7,185.3,Em estoque
17,10,3,20190311,2,1,27,10.9,0,294.3,0.0,294.3,Em estoque
17,10,3,20190408,1,1,85,10.9,0,926.5,0.0,926.5,Em estoque
17,10,3,20190510,4,1,18,10.9,20,196.2,39.24,156.96,Em estoque
17,10,3,20190612,3,1,73,10.9,10,795.7,79.57,716.13,Em estoque
17,10,3,20190714,1,1,14,10.9,0,152.6,0.0,152.6,Em estoque
17,10,3,20190808,3,1,15,10.9,5,163.5,8.18,155.32,Em estoque
17,10,3,20190903,2,1,93,10.9,15,1013.7,152.06,861.64,Em estoque
17,10,3,20191006,4,1,96,10.9,20,1046.4,209.28,837.12,Em estoque
17,10,3,20191108,2,1,84,10.9,0,915.6,0.0,915.6,Em estoque
17,10,3,20191204,1,1,28,10.9,5,305.2,15.26,289.94,Em estoque
17,10,3,20200108,1,1,70,10.9,10,763.0,76.3,686.7,Em estoque
17,10,3,20200202,2,1,99,10.9,15,1079.1,161.87,917.24,Em estoque
17,10,3,20200229,1,1,32,10.9,15,348.8,52.32,296.48,Em estoque
17,10,3,20200325,3,1,22,10.9,5,239.8,11.99,227.81,Em estoque
17,10,3,20200428,2,1,85,10.9,0,926.5,0.0,926.5,Em estoque
17,10,3,20200524,1,1,73,10.9,10,795.7,79.57,716.13,Em estoque
17,10,3,20200627,2,1,18,10.9,20,196.2,39.24,156.96,Em estoque
17,10,3,20200725,4,1,53,10.9,20,577.7,115.54,462.16,Em estoque
17,10,3,20200829,4,1,51,10.9,0,555.9,0.0,555.9,Em estoque
17,10,3,20201003,2,1,51,10.9,20,555.9,111.18,444.72,Em estoque
17,10,3,20201031,1,1,85,10.9,0,926.5,0.0,926.5,Em estoque
17,10,3,20201130,1,1,25,10.9,0,272.5,0.0,272.5,Em estoque
17,10,3,20201227,4,1,31,10.9,15,337.9,50.69,287.22,Em estoque
17,10,3,20210126,2,1,66,10.9,0,719.4,0.0,719.4,Em estoque
17,10,3,20210301,1,1,27,10.9,0,294.3,0.0,294.3,Em estoque
17,10,3,20210405,4,1,30,10.9,0,327.0,0.0,327.0,Em estoque
17,10,3,20210507,1,1,10,10.9,0,109.0,0.0,109.0,Em estoque
17,10,3,20210603,1,1,100,10.9,15,1090.0,163.5,926.5,Em estoque
17,10,3,20210707,3,1,63,10.9,15,686.7,103.01,583.7,Em estoque
17,10,3,20210808,2,1,36,10.9,0,392.4,0.0,392.4,Em estoque
17,10,3,20210912,3,1,76,10.9,5,828.4,41.42,786.98,Em estoque
17,10,3,20211013,2,1,32,10.9,10,348.8,34.88,313.92,Em estoque
17,10,3,20211107,2,1,73,10.9,10,795.7,79.57,716.13,Em estoque
17,10,3,20211203,3,1,54,10.9,5,588.6,29.43,559.17,Em estoque
17,10,3,20211228,2,1,34,10.9,0,370.6,0.0,370.6,Em estoque
17,10,3,20220130,1,1,89,10.9,0,970.1,0.0,970.1,Em estoque
17,10,3,20220304,2,1,69,10.9,20,752.1,150.42,601.68,Em estoque
17,10,3,20220408,2,1,45,10.9,0,490.5,0.0,490.5,Em estoque
17,10,3,20220506,1,1,29,10.9,15,316.1,47.41,268.69,Em estoque
17,10,3,20220607,4,1,32,10.9,0,348.8,0.0,348.8,Em estoque
17,10,3,20220712,1,1,16,10.9,15,174.4,26.16,148.24,Em estoque
17,10,3,20220811,3,1,36,10.9,5,392.4,19.62,372.78,Em estoque
17,10,3,20220909,3,1,88,10.9,20,959.2,191.84,767.36,Em estoque
17,10,3,20221011,1,1,23,10.9,15,250.7,37.61,213.1,Em estoque
17,10,3,20221105,2,1,30,10.9,20,327.0,65.4,261.6,Em estoque
17,10,3,20221130,4,1,75,10.9,0,817.5,0.0,817.5,Em estoque
17,10,3,20221226,2,1,66,10.9,10,719.4,71.94,647.46,Em estoque
17,10,3,20230129,3,1,63,10.9,0,686.7,0.0,686.7,Em estoque
17,10,3,20230305,3,1,39,10.9,20,425.1,85.02,340.08,Em estoque
17,10,3,20230331,3,1,39,10.9,0,425.1,0.0,425.1,Em estoque
17,10,3,20230428,4,1,35,10.9,5,381.5,19.07,362.43,Em estoque
17,10,3,20230526,1,1,70,10.9,10,763.0,76.3,686.7,Em estoque
17,10,3,20230627,1,1,65,10.9,0,708.5,0.0,708.5,Em estoque
17,10,3,20230725,4,1,32,10.9,5,348.8,17.44,331.36,Em estoque
17,10,3,20230824,2,1,68,10.9,15,741.2,111.18,630.02,Em estoque
17,10,3,20230921,3,1,44,10.9,0,479.6,0.0,479.6,Em estoque
17,10,3,20231021,2,1,14,10.9,15,152.6,22.89,129.71,Em estoque
17,10,3,20231124,1,1,45,10.9,0,490.5,0.0,490.5,Em estoque
17,10,3,20231220,4,1,68,10.9,5,741.2,37.06,704.14,Em estoque
17,10,3,20240116,3,1,38,10.9,0,414.2,0.0,414.2,Em estoque
17,10,3,20240219,2,1,91,10.9,10,991.9,99.19,892.71,Em estoque
17,10,3,20240317,2,1,21,10.9,5,228.9,11.45,217.46,Em estoque
17,10,3,20240419,4,1,37,10.9,10,403.3,40.33,362.97,Em estoque
17,10,3,20240521,4,1,45,10.9,0,490.5,0.0,490.5,Em estoque
17,10,3,20240621,2,1,41,10.9,0,446.9,0.0,446.9,Em estoque
17,10,3,20240722,2,1,85,10.9,0,926.5,0.0,926.5,Em estoque
17,10,3,20240825,1,1,63,10.9,0,686.7,0.0,686.7,Em estoque
17,10,3,20240919,4,1,74,10.9,0,806.6,0.0,806.6,Em estoque
17,10,3,20241020,4,1,71,10.9,20,773.9,154.78,619.12,Em estoque
17,10,3,20241115,4,1,73,10.9,0,795.7,0.0,795.7,Em estoque
17,10,3,20241211,1,1,98,10.9,15,1068.2,160.23,907.97,Em estoque
17,10,3,20250111,2,1,26,10.9,0,283.4,0.0,283.4,Em estoque
17,10,3,20250209,2,1,92,10.9,0,1002.8,0.0,1002.8,Em estoque
17,10,3,20250306,4,1,95,10.9,0,1035.5,0.0,1035.5,Em estoque
17,10,3,20250402,4,1,83,10.9,15,904.7,135.71,769.0,Em estoque
17,10,3,20250506,1,1,68,10.9,5,741.2,37.06,704.14,Em estoque
17,10,3,20250602,4,1,33,10.9,20,359.7,71.94,287.76,Em estoque
17,10,3,20250702,4,1,100,10.9,15,1090.0,163.5,926.5,Em estoque
17,10,3,20250727,1,1,59,10.9,15,643.1,96.47,546.63,Em estoque
17,10,3,20250826,1,1,47,10.9,5,512.3,25.62,486.69,Em estoque
17,10,3,20250924,2,1,97,10.9,0,1057.3,0.0,1057.3,Em estoque
17,10,3,20251028,3,1,17,10.9,10,185.3,18.53,166.77,Em estoque
17,10,3,20251202,3,1,16,10.9,0,174.4,0.0,174.4,Em estoque
17,10,3,20260102,3,1,69,10.9,10,752.1,75.21,676.89,Em estoque
17,10,3,20260127,3,1,56,10.9,0,610.4,0.0,610.4,Em estoque
17,10,3,20260303,1,1,81,10.9,15,882.9,132.44,750.46,Em estoque
17,10,3,20260331,2,1,52,10.9,0,566.8,0.0,566.8,Em estoque
17,10,3,20260503,1,1,93,10.9,5,1013.7,50.69,963.02,Em estoque
17,10,3,20260606,2,1,38,10.9,0,414.2,0.0,414.2,Em estoque
17,10,3,20260706,3,1,74,10.9,15,806.6,120.99,685.61,Em estoque
17,10,3,20260806,3,1,16,10.9,0,174.4,0.0,174.4,Em estoque
18,11,3,20170305,4,1,74,15.9,10,1176.6,117.66,1058.94,Em estoque
18,11,3,20170331,4,1,100,15.9,10,1590.0,159.0,1431.0,Em estoque
18,11,3,20170505,3,1,67,15.9,10,1065.3,106.53,958.77,Em estoque
18,11,3,20170604,1,1,34,15.9,5,540.6,27.03,513.57,Em estoque
18,11,3,20170630,1,1,60,15.9,0,954.0,0.0,954.0,Em estoque
18,11,3,20170729,1,1,23,15.9,0,365.7,0.0,365.7,Em estoque
18,11,3,20170827,1,1,99,15.9,0,1574.1,0.0,1574.1,Em estoque
18,11,3,20170928,2,1,36,15.9,10,572.4,57.24,515.16,Em estoque
18,11,3,20171102,1,1,47,15.9,5,747.3,37.37,709.94,Em estoque
18,11,3,20171207,2,1,70,15.9,0,1113.0,0.0,1113.0,Em estoque
18,11,3,20180107,4,1,92,15.9,0,1462.8,0.0,1462.8,Em estoque
18,11,3,20180205,2,1,18,15.9,0,286.2,0.0,286.2,Em estoque
18,11,3,20180305,3,1,62,15.9,10,985.8,98.58,887.22,Em estoque
18,11,3,20180404,3,1,72,15.9,10,1144.8,114.48,1030.32,Em estoque
18,11,3,20180509,4,1,68,15.9,0,1081.2,0.0,1081.2,Em estoque
18,11,3,20180612,2,1,49,15.9,0,779.1,0.0,779.1,Em estoque
18,11,3,20180711,2,1,71,15.9,0,1128.9,0.0,1128.9,Em estoque
18,11,3,20180809,1,1,28,15.9,0,445.2,0.0,445.2,Em estoque
18,11,3,20180907,4,1,31,15.9,10,492.9,49.29,443.61,Em estoque
18,11,3,20181004,3,1,33,15.9,0,524.7,0.0,524.7,Em estoque
18,11,3,20181108,2,1,30,15.9,0,477.0,0.0,477.0,Em estoque
18,11,3,20181204,1,1,50,15.9,10,795.0,79.5,715.5,Em estoque
18,11,3,20181231,4,1,43,15.9,0,683.7,0.0,683.7,Em estoque
18,11,3,20190127,2,1,81,15.9,15,1287.9,193.19,1094.72,Em estoque
18,11,3,20190221,3,1,54,15.9,0,858.6,0.0,858.6,Em estoque
18,11,3,20190323,4,1,79,15.9,0,1256.1,0.0,1256.1,Em estoque
18,11,3,20190425,3,1,25,15.9,0,397.5,0.0,397.5,Em estoque
18,11,3,20190526,4,1,28,15.9,5,445.2,22.26,422.94,Em estoque
18,11,3,20190625,2,1,10,15.9,15,159.0,23.85,135.15,Em estoque
18,11,3,20190728,3,1,92,15.9,15,1462.8,219.42,1243.38,Em estoque
18,11,3,20190826,4,1,47,15.9,20,747.3,149.46,597.84,Em estoque
18,11,3,20190929,2,1,82,15.9,15,1303.8,195.57,1108.23,Em estoque
18,11,3,20191031,3,1,98,15.9,0,1558.2,0.0,1558.2,Em estoque
18,11,3,20191202,1,1,27,15.9,15,429.3,64.39,364.91,Em estoque
18,11,3,20200104,1,1,49,15.9,0,779.1,0.0,779.1,Em estoque
18,11,3,20200204,2,1,67,15.9,0,1065.3,0.0,1065.3,Em estoque
18,11,3,20200301,3,1,17,15.9,10,270.3,27.03,243.27,Em estoque
18,11,3,20200405,2,1,84,15.9,10,1335.6,133.56,1202.04,Em estoque
18,11,3,20200503,3,1,35,15.9,0,556.5,0.0,556.5,Em estoque
18,11,3,20200529,4,1,96,15.9,15,1526.4,228.96,1297.44,Em estoque
18,11,3,20200624,4,1,34,15.9,5,540.6,27.03,513.57,Em estoque
18,11,3,20200724,1,1,95,15.9,0,1510.5,0.0,1510.5,Em estoque
18,11,3,20200824,2,1,64,15.9,0,1017.6,0.0,1017.6,Em estoque
18,11,3,20200924,3,1,11,15.9,0,174.9,0.0,174.9,Em estoque
18,11,3,20201024,3,1,49,15.9,5,779.1,38.96,740.14,Em estoque
18,11,3,20201126,1,1,37,15.9,15,588.3,88.25,500.06,Em estoque
18,11,3,20201228,4,1,66,15.9,0,1049.4,0.0,1049.4,Em estoque
18,11,3,20210124,4,1,63,15.9,0,1001.7,0.0,1001.7,Em estoque
18,11,3,20210227,1,1,28,15.9,0,445.2,0.0,445.2,Em estoque
18,11,3,20210328,4,1,77,15.9,0,1224.3,0.0,1224.3,Em estoque
18,11,3,20210423,4,1,21,15.9,0,333.9,0.0,333.9,Em estoque
18,11,3,20210524,3,1,63,15.9,0,1001.7,0.0,1001.7,Em estoque
18,11,3,20210626,4,1,100,15.9,10,1590.0,159.0,1431.0,Em estoque
18,11,3,20210723,2,1,33,15.9,20,524.7,104.94,419.76,Em estoque
18,11,3,20210823,3,1,80,15.9,5,1272.0,63.6,1208.4,Em estoque
18,11,3,20210917,3,1,84,15.9,0,1335.6,0.0,1335.6,Em estoque
18,11,3,20211019,4,1,38,15.9,0,604.2,0.0,604.2,Em estoque
18,11,3,20211113,2,1,43,15.9,0,683.7,0.0,683.7,Em estoque
18,11,3,20211218,4,1,25,15.9,15,397.5,59.62,337.88,Em estoque
18,11,3,20220122,3,1,63,15.9,0,1001.7,0.0,1001.7,Em estoque
18,11,3,20220223,2,1,13,15.9,0,206.7,0.0,206.7,Em estoque
18,11,3,20220324,4,1,18,15.9,10,286.2,28.62,257.58,Em estoque
18,11,3,20220423,4,1,82,15.9,5,1303.8,65.19,1238.61,Em estoque
18,11,3,20220522,4,1,98,15.9,20,1558.2,311.64,1246.56,Em estoque
18,11,3,20220617,3,1,75,15.9,15,1192.5,178.88,1013.62,Em estoque
18,11,3,20220721,1,1,43,15.9,0,683.7,0.0,683.7,Em estoque
18,11,3,20220824,1,1,28,15.9,0,445.2,0.0,445.2,Em estoque
18,11,3,20220925,2,1,55,15.9,0,874.5,0.0,874.5,Em estoque
18,11,3,20221020,3,1,56,15.9,5,890.4,44.52,845.88,Em estoque
18,11,3,20221124,3,1,16,15.9,0,254.4,0.0,254.4,Em estoque
18,11,3,20221223,1,1,75,15.9,0,1192.5,0.0,1192.5,Em estoque
18,11,3,20230127,2,1,22,15.9,10,349.8,34.98,314.82,Em estoque
18,11,3,20230223,3,1,50,15.9,20,795.0,159.0,636.0,Em estoque
18,11,3,20230330,3,1,44,15.9,15,699.6,104.94,594.66,Em estoque
18,11,3,20230429,1,1,78,15.9,10,1240.2,124.02,1116.18,Em estoque
18,11,3,20230529,2,1,11,15.9,0,174.9,0.0,174.9,Em estoque
18,11,3,20230701,3,1,57,15.9,20,906.3,181.26,725.04,Em estoque
18,11,3,20230802,4,1,53,15.9,0,842.7,0.0,842.7,Em estoque
18,11,3,20230828,2,1,29,15.9,10,461.1,46.11,414.99,Em estoque
18,11,3,20230925,2,1,81,15.9,10,1287.9,128.79,1159.11,Em estoque
18,11,3,20231028,1,1,63,15.9,5,1001.7,50.09,951.62,Em estoque
18,11,3,20231123,1,1,26,15.9,0,413.4,0.0,413.4,Em estoque
18,11,3,20231225,3,1,49,15.9,15,779.1,116.86,662.24,Em estoque
18,11,3,20240124,2,1,66,15.9,10,1049.4,104.94,944.46,Em estoque
18,11,3,20240226,3,1,32,15.9,15,508.8,76.32,432.48,Em estoque
18,11,3,20240326,1,1,25,15.9,0,397.5,0.0,397.5,Em estoque
18,11,3,20240422,2,1,98,15.9,0,1558.2,0.0,1558.2,Em estoque
18,11,3,20240521,2,1,36,15.9,0,572.4,0.0,572.4,Em estoque
18,11,3,20240616,4,1,98,15.9,20,1558.2,311.64,1246.56,Em estoque
18,11,3,20240712,1,1,12,15.9,20,190.8,38.16,152.64,Em estoque
18,11,3,20240813,4,1,15,15.9,0,238.5,0.0,238.5,Em estoque
18,11,3,20240908,1,1,94,15.9,10,1494.6,149.46,1345.14,Em estoque
18,11,3,20241012,1,1,70,15.9,0,1113.0,0.0,1113.0,Em estoque
18,11,3,20241110,1,1,18,15.9,0,286.2,0.0,286.2,Em estoque
18,11,3,20241215,1,1,22,15.9,20,349.8,69.96,279.84,Em estoque
18,11,3,20250110,2,1,85,15.9,0,1351.5,0.0,1351.5,Em estoque
18,11,3,20250206,3,1,13,15.9,0,206.7,0.0,206.7,Em estoque
18,11,3,20250305,3,1,84,15.9,0,1335.6,0.0,1335.6,Em estoque
18,11,3,20250404,2,1,74,15.9,20,1176.6,235.32,941.28,Em estoque
18,11,3,20250508,2,1,74,15.9,10,1176.6,117.66,1058.94,Em estoque
18,11,3,20250603,1,1,84,15.9,20,1335.6,267.12,1068.48,Em estoque
18,11,3,20250628,2,1,34,15.9,0,540.6,0.0,540.6,Em estoque
18,11,3,20250725,1,1,22,15.9,0,349.8,0.0,349.8,Em estoque
18,11,3,20250827,4,1,56,15.9,15,890.4,133.56,756.84,Em estoque
18,11,3,20250930,2,1,66,15.9,15,1049.4,157.41,891.99,Em estoque
18,11,3,20251026,2,1,55,15.9,5,874.5,43.73,830.77,Em estoque
18,11,3,20251126,2,1,75,15.9,0,1192.5,0.0,1192.5,Em estoque
18,11,3,20251227,1,1,50,15.9,0,795.0,0.0,795.0,Em estoque
18,11,3,20260128,1,1,76,15.9,0,1208.4,0.0,1208.4,Em estoque
18,11,3,20260301,3,1,100,15.9,0,1590.0,0.0,1590.0,Em estoque
18,11,3,20260403,1,1,20,15.9,0,318.0,0.0,318.0,Em estoque
18,11,3,20260505,1,1,59,15.9,0,938.1,0.0,938.1,Em estoque
18,11,3,20260606,3,1,97,15.9,20,1542.3,308.46,1233.84,Em estoque
18,11,3,20260708,2,1,80,15.9,5,1272.0,63.6,1208.4,Em estoque
18,11,3,20260806,4,1,34,15.9,20,540.6,108.12,432.48,Em estoque
19,8,3,20170511,3,1,32,19.9,0,636.8,0.0,636.8,Em estoque
19,8,3,20170615,4,1,96,19.9,0,1910.4,0.0,1910.4,Em estoque
19,8,3,20170716,4,1,76,19.9,15,1512.4,226.86,1285.54,Em estoque
19,8,3,20170820,1,1,25,19.9,0,497.5,0.0,497.5,Em estoque
19,8,3,20170920,4,1,98,19.9,10,1950.2,195.02,1755.18,Em estoque
19,8,3,20171016,2,1,18,19.9,0,358.2,0.0,358.2,Em estoque
19,8,3,20171113,3,1,35,19.9,10,696.5,69.65,626.85,Em estoque
19,8,3,20171214,1,1,39,19.9,20,776.1,155.22,620.88,Em estoque
19,8,3,20180114,4,1,45,19.9,20,895.5,179.1,716.4,Em estoque
19,8,3,20180217,3,1,92,19.9,5,1830.8,91.54,1739.26,Em estoque
19,8,3,20180319,4,1,95,19.9,10,1890.5,189.05,1701.45,Em estoque
19,8,3,20180419,4,1,75,19.9,0,1492.5,0.0,1492.5,Em estoque
19,8,3,20180516,4,1,23,19.9,0,457.7,0.0,457.7,Em estoque
19,8,3,20180614,4,1,73,19.9,0,1452.7,0.0,1452.7,Em estoque
19,8,3,20180719,2,1,13,19.9,0,258.7,0.0,258.7,Em estoque
19,8,3,20180813,1,1,73,19.9,15,1452.7,217.9,1234.79,Em estoque
19,8,3,20180907,2,1,58,19.9,10,1154.2,115.42,1038.78,Em estoque
19,8,3,20181012,3,1,29,19.9,0,577.1,0.0,577.1,Em estoque
19,8,3,20181115,1,1,19,19.9,15,378.1,56.71,321.38,Em estoque
19,8,3,20181218,4,1,69,19.9,0,1373.1,0.0,1373.1,Em estoque
19,8,3,20190116,4,1,72,19.9,10,1432.8,143.28,1289.52,Em estoque
19,8,3,20190214,3,1,79,19.9,10,1572.1,157.21,1414.89,Em estoque
19,8,3,20190311,1,1,65,19.9,0,1293.5,0.0,1293.5,Em estoque
19,8,3,20190411,4,1,50,19.9,20,995.0,199.0,796.0,Em estoque
19,8,3,20190512,4,1,68,19.9,0,1353.2,0.0,1353.2,Em estoque
19,8,3,20190606,2,1,81,19.9,15,1611.9,241.78,1370.11,Em estoque
19,8,3,20190705,2,1,72,19.9,5,1432.8,71.64,1361.16,Em estoque
19,8,3,20190801,3,1,59,19.9,5,1174.1,58.7,1115.39,Em estoque
19,8,3,20190827,4,1,94,19.9,10,1870.6,187.06,1683.54,Em estoque
19,8,3,20191001,4,1,70,19.9,10,1393.0,139.3,1253.7,Em estoque
19,8,3,20191028,1,1,60,19.9,0,1194.0,0.0,1194.0,Em estoque
19,8,3,20191129,4,1,88,19.9,15,1751.2,262.68,1488.52,Em estoque
19,8,3,20191229,3,1,51,19.9,0,1014.9,0.0,1014.9,Em estoque
19,8,3,20200123,1,1,26,19.9,20,517.4,103.48,413.92,Em estoque
19,8,3,20200222,3,1,84,19.9,0,1671.6,0.0,1671.6,Em estoque
19,8,3,20200328,3,1,58,19.9,0,1154.2,0.0,1154.2,Em estoque
19,8,3,20200428,3,1,55,19.9,5,1094.5,54.73,1039.78,Em estoque
19,8,3,20200528,1,1,94,19.9,0,1870.6,0.0,1870.6,Em estoque
19,8,3,20200625,2,1,92,19.9,0,1830.8,0.0,1830.8,Em estoque
19,8,3,20200729,1,1,98,19.9,0,1950.2,0.0,1950.2,Em estoque
19,8,3,20200827,1,1,53,19.9,0,1054.7,0.0,1054.7,Em estoque
19,8,3,20200921,3,1,14,19.9,5,278.6,13.93,264.67,Em estoque
19,8,3,20201026,4,1,82,19.9,10,1631.8,163.18,1468.62,Em estoque
19,8,3,20201126,3,1,12,19.9,15,238.8,35.82,202.98,Em estoque
19,8,3,20201228,1,1,50,19.9,5,995.0,49.75,945.25,Em estoque
19,8,3,20210131,4,1,51,19.9,10,1014.9,101.49,913.41,Em estoque
19,8,3,20210226,4,1,22,19.9,15,437.8,65.67,372.13,Em estoque
19,8,3,20210402,2,1,53,19.9,5,1054.7,52.73,1001.96,Em estoque
19,8,3,20210505,3,1,31,19.9,10,616.9,61.69,555.21,Em estoque
19,8,3,20210603,3,1,65,19.9,0,1293.5,0.0,1293.5,Em estoque
19,8,3,20210705,1,1,78,19.9,0,1552.2,0.0,1552.2,Em estoque
19,8,3,20210803,3,1,16,19.9,0,318.4,0.0,318.4,Em estoque
19,8,3,20210906,4,1,38,19.9,10,756.2,75.62,680.58,Em estoque
19,8,3,20211002,1,1,85,19.9,0,1691.5,0.0,1691.5,Em estoque
19,8,3,20211031,1,1,82,19.9,20,1631.8,326.36,1305.44,Em estoque
19,8,3,20211203,4,1,64,19.9,0,1273.6,0.0,1273.6,Em estoque
19,8,3,20220102,1,1,93,19.9,20,1850.7,370.14,1480.56,Em estoque
19,8,3,20220131,3,1,65,19.9,15,1293.5,194.03,1099.47,Em estoque
19,8,3,20220305,3,1,35,19.9,5,696.5,34.83,661.67,Em estoque
19,8,3,20220405,3,1,89,19.9,10,1771.1,177.11,1593.99,Em estoque
19,8,3,20220507,2,1,12,19.9,15,238.8,35.82,202.98,Em estoque
19,8,3,20220609,2,1,83,19.9,5,1651.7,82.58,1569.11,Em estoque
19,8,3,20220707,4,1,44,19.9,15,875.6,131.34,744.26,Em estoque
19,8,3,20220809,4,1,82,19.9,15,1631.8,244.77,1387.03,Em estoque
19,8,3,20220913,1,1,76,19.9,0,1512.4,0.0,1512.4,Em estoque
19,8,3,20221013,4,1,28,19.9,0,557.2,0.0,557.2,Em estoque
19,8,3,20221109,3,1,65,19.9,5,1293.5,64.67,1228.83,Em estoque
19,8,3,20221209,1,1,91,19.9,0,1810.9,0.0,1810.9,Em estoque
19,8,3,20230109,3,1,46,19.9,15,915.4,137.31,778.09,Em estoque
19,8,3,20230205,3,1,97,19.9,10,1930.3,193.03,1737.27,Em estoque
19,8,3,20230305,4,1,40,19.9,0,796.0,0.0,796.0,Em estoque
19,8,3,20230401,2,1,13,19.9,0,258.7,0.0,258.7,Em estoque
19,8,3,20230430,4,1,72,19.9,10,1432.8,143.28,1289.52,Em estoque
19,8,3,20230531,4,1,92,19.9,0,1830.8,0.0,1830.8,Em estoque
19,8,3,20230628,2,1,44,19.9,0,875.6,0.0,875.6,Em estoque
19,8,3,20230723,3,1,45,19.9,15,895.5,134.32,761.17,Em estoque
19,8,3,20230825,2,1,92,19.9,20,1830.8,366.16,1464.64,Em estoque
19,8,3,20230919,4,1,12,19.9,0,238.8,0.0,238.8,Em estoque
19,8,3,20231015,3,1,87,19.9,0,1731.3,0.0,1731.3,Em estoque
19,8,3,20231110,4,1,56,19.9,15,1114.4,167.16,947.24,Em estoque
19,8,3,20231215,1,1,60,19.9,20,1194.0,238.8,955.2,Em estoque
19,8,3,20240111,2,1,24,19.9,10,477.6,47.76,429.84,Em estoque
19,8,3,20240213,1,1,76,19.9,15,1512.4,226.86,1285.54,Em estoque
19,8,3,20240318,3,1,73,19.9,0,1452.7,0.0,1452.7,Em estoque
19,8,3,20240415,1,1,50,19.9,0,995.0,0.0,995.0,Em estoque
19,8,3,20240519,4,1,40,19.9,5,796.0,39.8,756.2,Em estoque
19,8,3,20240616,2,1,23,19.9,0,457.7,0.0,457.7,Em estoque
19,8,3,20240714,3,1,66,19.9,5,1313.4,65.67,1247.73,Em estoque
19,8,3,20240812,1,1,72,19.9,10,1432.8,143.28,1289.52,Em estoque
19,8,3,20240911,1,1,50,19.9,10,995.0,99.5,895.5,Em estoque
19,8,3,20241012,4,1,97,19.9,0,1930.3,0.0,1930.3,Em estoque
19,8,3,20241110,2,1,56,19.9,5,1114.4,55.72,1058.68,Em estoque
19,8,3,20241210,3,1,12,19.9,15,238.8,35.82,202.98,Em estoque
19,8,3,20250113,1,1,94,19.9,20,1870.6,374.12,1496.48,Em estoque
19,8,3,20250207,2,1,42,19.9,10,835.8,83.58,752.22,Em estoque
19,8,3,20250310,3,1,91,19.9,15,1810.9,271.63,1539.26,Em estoque
19,8,3,20250409,1,1,78,19.9,20,1552.2,310.44,1241.76,Em estoque
19,8,3,20250507,4,1,59,19.9,0,1174.1,0.0,1174.1,Em estoque
19,8,3,20250607,3,1,48,19.9,0,955.2,0.0,955.2,Em estoque
19,8,3,20250705,3,1,36,19.9,20,716.4,143.28,573.12,Em estoque
19,8,3,20250801,4,1,90,19.9,0,1791.0,0.0,1791.0,Em estoque
19,8,3,20250905,4,1,14,19.9,0,278.6,0.0,278.6,Em estoque
19,8,3,20251001,4,1,70,19.9,15,1393.0,208.95,1184.05,Em estoque
19,8,3,20251101,3,1,64,19.9,20,1273.6,254.72,1018.88,Em estoque
19,8,3,20251127,2,1,99,19.9,0,1970.1,0.0,1970.1,Em estoque
19,8,3,20251230,1,1,55,19.9,5,1094.5,54.73,1039.78,Em estoque
19,8,3,20260202,3,1,68,19.9,15,1353.2,202.98,1150.22,Em estoque
19,8,3,20260227,1,1,92,19.9,15,1830.8,274.62,1556.18,Em estoque
19,8,3,20260326,4,1,92,19.9,0,1830.8,0.0,1830.8,Em estoque
19,8,3,20260420,4,1,35,19.9,15,696.5,104.47,592.02,Em estoque
19,8,3,20260519,3,1,83,19.9,0,1651.7,0.0,1651.7,Em estoque
19,8,3,20260614,2,1,41,19.9,10,815.9,81.59,734.31,Em estoque
19,8,3,20260719,2,1,86,19.9,15,1711.4,256.71,1454.69,Em estoque
20,7,1,20170220,4,3,27,49.9,0,1347.3,0.0,1347.3,Em estoque
20,7,1,20170319,3,3,46,49.9,0,2295.4,0.0,2295.4,Em estoque
20,7,1,20170414,4,3,57,49.9,0,2844.3,0.0,2844.3,Em estoque
20,7,1,20170515,4,3,83,49.9,0,4141.7,0.0,4141.7,Em estoque
20,7,1,20170609,1,3,81,49.9,15,4041.9,606.28,3435.62,Em estoque
20,7,1,20170713,2,3,21,49.9,5,1047.9,52.39,995.5,Em estoque
20,7,1,20170810,3,3,99,49.9,20,4940.1,988.02,3952.08,Em estoque
20,7,1,20170906,1,3,61,49.9,10,3043.9,304.39,2739.51,Em estoque
20,7,1,20171007,3,3,29,49.9,0,1447.1,0.0,1447.1,Em estoque
20,7,1,20171106,2,3,82,49.9,0,4091.8,0.0,4091.8,Em estoque
20,7,1,20171201,4,3,68,49.9,20,3393.2,678.64,2714.56,Em estoque
20,7,1,20180105,4,3,25,49.9,0,1247.5,0.0,1247.5,Em estoque
20,7,1,20180202,2,3,44,49.9,0,2195.6,0.0,2195.6,Em estoque
20,7,1,20180306,4,3,26,49.9,5,1297.4,64.87,1232.53,Em estoque
20,7,1,20180403,2,3,46,49.9,15,2295.4,344.31,1951.09,Em estoque
20,7,1,20180508,2,3,63,49.9,0,3143.7,0.0,3143.7,Em estoque
20,7,1,20180608,2,3,13,49.9,0,648.7,0.0,648.7,Em estoque
20,7,1,20180707,2,3,89,49.9,5,4441.1,222.05,4219.04,Em estoque
20,7,1,20180804,3,3,84,49.9,15,4191.6,628.74,3562.86,Em estoque
20,7,1,20180908,4,3,20,49.9,0,998.0,0.0,998.0,Em estoque
20,7,1,20181010,2,3,51,49.9,15,2544.9,381.74,2163.16,Em estoque
20,7,1,20181110,2,3,59,49.9,15,2944.1,441.61,2502.49,Em estoque
20,7,1,20181211,3,3,19,49.9,0,948.1,0.0,948.1,Em estoque
20,7,1,20190113,1,3,16,49.9,0,798.4,0.0,798.4,Em estoque
20,7,1,20190210,4,3,55,49.9,10,2744.5,274.45,2470.05,Em estoque
20,7,1,20190317,1,3,10,49.9,0,499.0,0.0,499.0,Em estoque
20,7,1,20190419,4,3,48,49.9,5,2395.2,119.76,2275.44,Em estoque
20,7,1,20190524,3,3,26,49.9,10,1297.4,129.74,1167.66,Em estoque
20,7,1,20190618,2,3,43,49.9,0,2145.7,0.0,2145.7,Em estoque
20,7,1,20190721,4,3,53,49.9,5,2644.7,132.23,2512.46,Em estoque
20,7,1,20190817,1,3,50,49.9,15,2495.0,374.25,2120.75,Em estoque
20,7,1,20190919,4,3,28,49.9,0,1397.2,0.0,1397.2,Em estoque
20,7,1,20191015,3,3,15,49.9,0,748.5,0.0,748.5,Em estoque
20,7,1,20191116,3,3,56,49.9,5,2794.4,139.72,2654.68,Em estoque
20,7,1,20191215,3,3,88,49.9,20,4391.2,878.24,3512.96,Em estoque
20,7,1,20200113,3,3,65,49.9,0,3243.5,0.0,3243.5,Em estoque
20,7,1,20200212,4,3,29,49.9,10,1447.1,144.71,1302.39,Em estoque
20,7,1,20200318,4,3,16,49.9,0,798.4,0.0,798.4,Em estoque
20,7,1,20200414,1,3,39,49.9,0,1946.1,0.0,1946.1,Em estoque
20,7,1,20200509,4,3,43,49.9,0,2145.7,0.0,2145.7,Em estoque
20,7,1,20200610,4,3,24,49.9,5,1197.6,59.88,1137.72,Em estoque
20,7,1,20200705,4,3,55,49.9,15,2744.5,411.68,2332.82,Em estoque
20,7,1,20200807,4,3,68,49.9,5,3393.2,169.66,3223.54,Em estoque
20,7,1,20200902,2,3,25,49.9,0,1247.5,0.0,1247.5,Em estoque
20,7,1,20200928,2,3,46,49.9,0,2295.4,0.0,2295.4,Em estoque
20,7,1,20201025,3,3,82,49.9,15,4091.8,613.77,3478.03,Em estoque
20,7,1,20201128,2,3,84,49.9,0,4191.6,0.0,4191.6,Em estoque
20,7,1,20201231,2,3,63,49.9,0,3143.7,0.0,3143.7,Em estoque
20,7,1,20210128,4,3,96,49.9,0,4790.4,0.0,4790.4,Em estoque
20,7,1,20210227,1,3,46,49.9,15,2295.4,344.31,1951.09,Em estoque
20,7,1,20210403,1,3,60,49.9,0,2994.0,0.0,2994.0,Em estoque
20,7,1,20210507,1,3,51,49.9,0,2544.9,0.0,2544.9,Em estoque
20,7,1,20210601,1,3,68,49.9,20,3393.2,678.64,2714.56,Em estoque
20,7,1,20210706,4,3,68,49.9,15,3393.2,508.98,2884.22,Em estoque
20,7,1,20210804,1,3,52,49.9,0,2594.8,0.0,2594.8,Em estoque
20,7,1,20210908,4,3,51,49.9,15,2544.9,381.74,2163.16,Em estoque
20,7,1,20211012,2,3,37,49.9,20,1846.3,369.26,1477.04,Em estoque
20,7,1,20211106,3,3,51,49.9,20,2544.9,508.98,2035.92,Em estoque
20,7,1,20211201,1,3,80,49.9,10,3992.0,399.2,3592.8,Em estoque
20,7,1,20220101,1,3,61,49.9,0,3043.9,0.0,3043.9,Em estoque
20,7,1,20220128,2,3,61,49.9,0,3043.9,0.0,3043.9,Em estoque
20,7,1,20220222,2,3,30,49.9,5,1497.0,74.85,1422.15,Em estoque
20,7,1,20220325,3,3,92,49.9,20,4590.8,918.16,3672.64,Em estoque
20,7,1,20220429,2,3,25,49.9,0,1247.5,0.0,1247.5,Em estoque
20,7,1,20220531,4,3,49,49.9,15,2445.1,366.76,2078.34,Em estoque
20,7,1,20220704,2,3,55,49.9,15,2744.5,411.68,2332.82,Em estoque
20,7,1,20220730,3,3,75,49.9,0,3742.5,0.0,3742.5,Em estoque
20,7,1,20220831,4,3,59,49.9,5,2944.1,147.21,2796.89,Em estoque
20,7,1,20220929,4,3,21,49.9,20,1047.9,209.58,838.32,Em estoque
20,7,1,20221030,3,3,88,49.9,0,4391.2,0.0,4391.2,Em estoque
20,7,1,20221130,4,3,21,49.9,0,1047.9,0.0,1047.9,Em estoque
20,7,1,20230102,3,3,69,49.9,15,3443.1,516.46,2926.64,Em estoque
20,7,1,20230130,2,3,73,49.9,10,3642.7,364.27,3278.43,Em estoque
20,7,1,20230306,1,3,47,49.9,5,2345.3,117.26,2228.03,Em estoque
20,7,1,20230406,1,3,71,49.9,0,3542.9,0.0,3542.9,Em estoque
20,7,1,20230503,2,3,97,49.9,0,4840.3,0.0,4840.3,Em estoque
20,7,1,20230531,4,3,47,49.9,10,2345.3,234.53,2110.77,Em estoque
20,7,1,20230625,1,3,15,49.9,10,748.5,74.85,673.65,Em estoque
20,7,1,20230721,4,3,62,49.9,0,3093.8,0.0,3093.8,Em estoque
20,7,1,20230822,3,3,55,49.9,0,2744.5,0.0,2744.5,Em estoque
20,7,1,20230925,1,3,74,49.9,0,3692.6,0.0,3692.6,Em estoque
20,7,1,20231021,4,3,32,49.9,20,1596.8,319.36,1277.44,Em estoque
20,7,1,20231117,4,3,15,49.9,0,748.5,0.0,748.5,Em estoque
20,7,1,20231218,3,3,50,49.9,10,2495.0,249.5,2245.5,Em estoque
20,7,1,20240119,4,3,89,49.9,20,4441.1,888.22,3552.88,Em estoque
20,7,1,20240217,3,3,33,49.9,0,1646.7,0.0,1646.7,Em estoque
20,7,1,20240315,1,3,87,49.9,0,4341.3,0.0,4341.3,Em estoque
20,7,1,20240419,1,3,65,49.9,10,3243.5,324.35,2919.15,Em estoque
20,7,1,20240514,1,3,60,49.9,0,2994.0,0.0,2994.0,Em estoque
20,7,1,20240608,2,3,93,49.9,5,4640.7,232.03,4408.66,Em estoque
20,7,1,20240710,4,3,94,49.9,15,4690.6,703.59,3987.01,Em estoque
20,7,1,20240813,4,3,48,49.9,10,2395.2,239.52,2155.68,Em estoque
20,7,1,20240916,3,3,98,49.9,15,4890.2,733.53,4156.67,Em estoque
20,7,1,20241021,4,3,48,49.9,0,2395.2,0.0,2395.2,Em estoque
20,7,1,20241117,2,3,11,49.9,0,548.9,0.0,548.9,Em estoque
20,7,1,20241213,1,3,99,49.9,0,4940.1,0.0,4940.1,Em estoque
20,7,1,20250107,2,3,71,49.9,15,3542.9,531.43,3011.47,Em estoque
20,7,1,20250203,2,3,65,49.9,20,3243.5,648.7,2594.8,Em estoque
20,7,1,20250310,2,3,21,49.9,0,1047.9,0.0,1047.9,Em estoque
20,7,1,20250411,2,3,70,49.9,5,3493.0,174.65,3318.35,Em estoque
20,7,1,20250506,1,3,31,49.9,0,1546.9,0.0,1546.9,Em estoque
20,7,1,20250607,4,3,70,49.9,0,3493.0,0.0,3493.0,Em estoque
20,7,1,20250709,2,3,35,49.9,0,1746.5,0.0,1746.5,Em estoque
20,7,1,20250812,4,3,16,49.9,0,798.4,0.0,798.4,Em estoque
20,7,1,20250906,1,3,90,49.9,20,4491.0,898.2,3592.8,Em estoque
20,7,1,20251007,4,3,73,49.9,15,3642.7,546.4,3096.3,Em estoque
20,7,1,20251110,3,3,14,49.9,5,698.6,34.93,663.67,Em estoque
20,7,1,20251211,4,3,75,49.9,10,3742.5,374.25,3368.25,Em estoque
20,7,1,20260114,4,3,39,49.9,15,1946.1,291.91,1654.18,Em estoque
20,7,1,20260208,1,3,64,49.9,10,3193.6,319.36,2874.24,Em estoque
20,7,1,20260310,1,3,44,49.9,15,2195.6,329.34,1866.26,Em estoque
20,7,1,20260410,4,3,24,49.9,5,1197.6,59.88,1137.72,Em estoque
20,7,1,20260514,3,3,67,49.9,15,3343.3,501.49,2841.8,Em estoque
20,7,1,20260614,1,3,30,49.9,0,1497.0,0.0,1497.0,Em estoque
20,7,1,20260712,4,3,54,49.9,5,2694.6,134.73,2559.87,Em estoque
20,7,1,20260809,2,3,85,49.9,15,4241.5,636.23,3605.28,Em estoque
21,12,4,20170715,4,3,26,49.9,0,1297.4,0.0,1297.4,Em estoque
21,12,4,20170815,4,3,96,49.9,15,4790.4,718.56,4071.84,Em estoque
21,12,4,20170914,4,3,30,49.9,10,1497.0,149.7,1347.3,Em estoque
21,12,4,20171012,3,3,98,49.9,15,4890.2,733.53,4156.67,Em estoque
21,12,4,20171107,4,3,26,49.9,0,1297.4,0.0,1297.4,Em estoque
21,12,4,20171205,2,3,87,49.9,5,4341.3,217.07,4124.24,Em estoque
21,12,4,20171231,4,3,73,49.9,0,3642.7,0.0,3642.7,Em estoque
21,12,4,20180128,2,3,81,49.9,0,4041.9,0.0,4041.9,Em estoque
21,12,4,20180222,3,3,43,49.9,0,2145.7,0.0,2145.7,Em estoque
21,12,4,20180329,2,3,32,49.9,20,1596.8,319.36,1277.44,Em estoque
21,12,4,20180501,1,3,18,49.9,0,898.2,0.0,898.2,Em estoque
21,12,4,20180601,1,3,89,49.9,0,4441.1,0.0,4441.1,Em estoque
21,12,4,20180627,2,3,72,49.9,0,3592.8,0.0,3592.8,Em estoque
21,12,4,20180727,3,3,15,49.9,20,748.5,149.7,598.8,Em estoque
21,12,4,20180829,3,3,29,49.9,20,1447.1,289.42,1157.68,Em estoque
21,12,4,20181001,1,3,100,49.9,0,4990.0,0.0,4990.0,Em estoque
21,12,4,20181102,4,3,24,49.9,0,1197.6,0.0,1197.6,Em estoque
21,12,4,20181206,1,3,81,49.9,0,4041.9,0.0,4041.9,Em estoque
21,12,4,20190108,1,3,31,49.9,15,1546.9,232.03,1314.86,Em estoque
21,12,4,20190203,2,3,56,49.9,0,2794.4,0.0,2794.4,Em estoque
21,12,4,20190304,4,3,74,49.9,5,3692.6,184.63,3507.97,Em estoque
21,12,4,20190330,2,3,92,49.9,0,4590.8,0.0,4590.8,Em estoque
21,12,4,20190429,2,3,25,49.9,20,1247.5,249.5,998.0,Em estoque
21,12,4,20190527,4,3,63,49.9,20,3143.7,628.74,2514.96,Em estoque
21,12,4,20190621,2,3,70,49.9,0,3493.0,0.0,3493.0,Em estoque
21,12,4,20190720,2,3,20,49.9,0,998.0,0.0,998.0,Em estoque
21,12,4,20190819,4,3,56,49.9,15,2794.4,419.16,2375.24,Em estoque
21,12,4,20190923,2,3,29,49.9,20,1447.1,289.42,1157.68,Em estoque
21,12,4,20191026,4,3,39,49.9,0,1946.1,0.0,1946.1,Em estoque
21,12,4,20191126,4,3,62,49.9,5,3093.8,154.69,2939.11,Em estoque
21,12,4,20191229,3,3,13,49.9,5,648.7,32.43,616.26,Em estoque
21,12,4,20200125,1,3,76,49.9,0,3792.4,0.0,3792.4,Em estoque
21,12,4,20200220,3,3,50,49.9,5,2495.0,124.75,2370.25,Em estoque
21,12,4,20200318,4,3,17,49.9,5,848.3,42.41,805.88,Em estoque
21,12,4,20200412,2,3,83,49.9,0,4141.7,0.0,4141.7,Em estoque
21,12,4,20200517,3,3,63,49.9,5,3143.7,157.19,2986.51,Em estoque
21,12,4,20200621,3,3,50,49.9,0,2495.0,0.0,2495.0,Em estoque
21,12,4,20200716,3,3,77,49.9,10,3842.3,384.23,3458.07,Em estoque
21,12,4,20200812,4,3,67,49.9,15,3343.3,501.49,2841.8,Em estoque
21,12,4,20200909,4,3,99,49.9,0,4940.1,0.0,4940.1,Em estoque
21,12,4,20201014,4,3,35,49.9,0,1746.5,0.0,1746.5,Em estoque
21,12,4,20201109,1,3,78,49.9,0,3892.2,0.0,3892.2,Em estoque
21,12,4,20201210,2,3,76,49.9,10,3792.4,379.24,3413.16,Em estoque
21,12,4,20210108,2,3,21,49.9,10,1047.9,104.79,943.11,Em estoque
21,12,4,20210210,3,3,76,49.9,0,3792.4,0.0,3792.4,Em estoque
21,12,4,20210317,2,3,12,49.9,0,598.8,0.0,598.8,Em estoque
21,12,4,20210419,3,3,40,49.9,20,1996.0,399.2,1596.8,Em estoque
21,12,4,20210518,4,3,74,49.9,0,3692.6,0.0,3692.6,Em estoque
21,12,4,20210612,3,3,43,49.9,15,2145.7,321.85,1823.84,Em estoque
21,12,4,20210715,3,3,25,49.9,0,1247.5,0.0,1247.5,Em estoque
21,12,4,20210819,1,3,67,49.9,0,3343.3,0.0,3343.3,Em estoque
21,12,4,20210922,1,3,68,49.9,0,3393.2,0.0,3393.2,Em estoque
21,12,4,20211020,2,3,54,49.9,0,2694.6,0.0,2694.6,Em estoque
21,12,4,20211118,2,3,58,49.9,10,2894.2,289.42,2604.78,Em estoque
21,12,4,20211216,1,3,51,49.9,10,2544.9,254.49,2290.41,Em estoque
21,12,4,20220119,2,3,56,49.9,5,2794.4,139.72,2654.68,Em estoque
21,12,4,20220214,2,3,64,49.9,20,3193.6,638.72,2554.88,Em estoque
21,12,4,20220317,1,3,21,49.9,0,1047.9,0.0,1047.9,Em estoque
21,12,4,20220417,2,3,70,49.9,0,3493.0,0.0,3493.0,Em estoque
21,12,4,20220519,1,3,57,49.9,15,2844.3,426.64,2417.65,Em estoque
21,12,4,20220621,4,3,85,49.9,10,4241.5,424.15,3817.35,Em estoque
21,12,4,20220724,4,3,43,49.9,10,2145.7,214.57,1931.13,Em estoque
21,12,4,20220825,4,3,66,49.9,15,3293.4,494.01,2799.39,Em estoque
21,12,4,20220926,4,3,30,49.9,0,1497.0,0.0,1497.0,Em estoque
21,12,4,20221029,2,3,72,49.9,15,3592.8,538.92,3053.88,Em estoque
21,12,4,20221130,2,3,100,49.9,10,4990.0,499.0,4491.0,Em estoque
21,12,4,20230102,1,3,98,49.9,0,4890.2,0.0,4890.2,Em estoque
21,12,4,20230203,4,3,14,49.9,15,698.6,104.79,593.81,Em estoque
21,12,4,20230302,3,3,25,49.9,10,1247.5,124.75,1122.75,Em estoque
21,12,4,20230402,1,3,25,49.9,0,1247.5,0.0,1247.5,Em estoque
21,12,4,20230506,3,3,15,49.9,10,748.5,74.85,673.65,Em estoque
21,12,4,20230602,1,3,57,49.9,0,2844.3,0.0,2844.3,Em estoque
21,12,4,20230702,3,3,47,49.9,5,2345.3,117.26,2228.03,Em estoque
21,12,4,20230727,2,3,28,49.9,20,1397.2,279.44,1117.76,Em estoque
21,12,4,20230830,4,3,16,49.9,0,798.4,0.0,798.4,Em estoque
21,12,4,20230928,2,3,33,49.9,20,1646.7,329.34,1317.36,Em estoque
21,12,4,20231030,1,3,25,49.9,10,1247.5,124.75,1122.75,Em estoque
21,12,4,20231129,1,3,15,49.9,5,748.5,37.43,711.08,Em estoque
21,12,4,20231231,3,3,82,49.9,5,4091.8,204.59,3887.21,Em estoque
21,12,4,20240130,4,3,70,49.9,20,3493.0,698.6,2794.4,Em estoque
21,12,4,20240304,2,3,27,49.9,10,1347.3,134.73,1212.57,Em estoque
21,12,4,20240408,4,3,67,49.9,15,3343.3,501.49,2841.8,Em estoque
21,12,4,20240510,2,3,51,49.9,0,2544.9,0.0,2544.9,Em estoque
21,12,4,20240613,4,3,59,49.9,0,2944.1,0.0,2944.1,Em estoque
21,12,4,20240714,3,3,79,49.9,0,3942.1,0.0,3942.1,Em estoque
21,12,4,20240818,4,3,45,49.9,15,2245.5,336.82,1908.67,Em estoque
21,12,4,20240913,2,3,100,49.9,0,4990.0,0.0,4990.0,Em estoque
21,12,4,20241017,3,3,81,49.9,15,4041.9,606.28,3435.62,Em estoque
21,12,4,20241112,1,3,34,49.9,10,1696.6,169.66,1526.94,Em estoque
21,12,4,20241215,1,3,82,49.9,10,4091.8,409.18,3682.62,Em estoque
21,12,4,20250112,4,3,74,49.9,0,3692.6,0.0,3692.6,Em estoque
21,12,4,20250207,2,3,12,49.9,0,598.8,0.0,598.8,Em estoque
21,12,4,20250307,2,3,100,49.9,20,4990.0,998.0,3992.0,Em estoque
21,12,4,20250410,4,3,20,49.9,20,998.0,199.6,798.4,Em estoque
21,12,4,20250513,3,3,61,49.9,10,3043.9,304.39,2739.51,Em estoque
21,12,4,20250607,4,3,12,49.9,0,598.8,0.0,598.8,Em estoque
21,12,4,20250708,2,3,63,49.9,0,3143.7,0.0,3143.7,Em estoque
21,12,4,20250810,3,3,58,49.9,0,2894.2,0.0,2894.2,Em estoque
21,12,4,20250905,1,3,22,49.9,10,1097.8,109.78,988.02,Em estoque
21,12,4,20251002,3,3,28,49.9,0,1397.2,0.0,1397.2,Em estoque
21,12,4,20251031,1,3,29,49.9,0,1447.1,0.0,1447.1,Em estoque
21,12,4,20251201,2,3,17,49.9,10,848.3,84.83,763.47,Em estoque
21,12,4,20251231,2,3,13,49.9,15,648.7,97.3,551.39,Em estoque
21,12,4,20260125,3,3,59,49.9,0,2944.1,0.0,2944.1,Em estoque
21,12,4,20260224,2,3,62,49.9,0,3093.8,0.0,3093.8,Em estoque
21,12,4,20260325,4,3,25,49.9,0,1247.5,0.0,1247.5,Em estoque
21,12,4,20260422,2,3,86,49.9,10,4291.4,429.14,3862.26,Em estoque
21,12,4,20260520,4,3,75,49.9,20,3742.5,748.5,2994.0,Em estoque
21,12,4,20260622,4,3,24,49.9,0,1197.6,0.0,1197.6,Em estoque
21,12,4,20260717,3,3,69,49.9,10,3443.1,344.31,3098.79,Em estoque
22,6,1,20161013,1,1,62,9.9,15,613.8,92.07,521.73,Em estoque
22,6,1,20161110,1,1,44,9.9,10,435.6,43.56,392.04,Em estoque
22,6,1,20161214,1,1,41,9.9,20,405.9,81.18,324.72,Em estoque
22,6,1,20170116,2,1,48,9.9,10,475.2,47.52,427.68,Em estoque
22,6,1,20170216,4,1,20,9.9,20,198.0,39.6,158.4,Em estoque
22,6,1,20170323,2,1,28,9.9,0,277.2,0.0,277.2,Em estoque
22,6,1,20170425,2,1,41,9.9,10,405.9,40.59,365.31,Em estoque
22,6,1,20170526,4,1,15,9.9,0,148.5,0.0,148.5,Em estoque
22,6,1,20170627,3,1,93,9.9,0,920.7,0.0,920.7,Em estoque
22,6,1,20170722,1,1,71,9.9,0,702.9,0.0,702.9,Em estoque
22,6,1,20170825,3,1,97,9.9,5,960.3,48.02,912.29,Em estoque
22,6,1,20170924,2,1,84,9.9,20,831.6,166.32,665.28,Em estoque
22,6,1,20171027,3,1,15,9.9,0,148.5,0.0,148.5,Em estoque
22,6,1,20171129,1,1,48,9.9,0,475.2,0.0,475.2,Em estoque
22,6,1,20171230,1,1,27,9.9,15,267.3,40.09,227.21,Em estoque
22,6,1,20180201,3,1,65,9.9,0,643.5,0.0,643.5,Em estoque
22,6,1,20180307,3,1,97,9.9,0,960.3,0.0,960.3,Em estoque
22,6,1,20180411,3,1,100,9.9,5,990.0,49.5,940.5,Em estoque
22,6,1,20180510,2,1,94,9.9,0,930.6,0.0,930.6,Em estoque
22,6,1,20180609,2,1,68,9.9,10,673.2,67.32,605.88,Em estoque
22,6,1,20180709,1,1,98,9.9,0,970.2,0.0,970.2,Em estoque
22,6,1,20180813,1,1,87,9.9,5,861.3,43.07,818.24,Em estoque
22,6,1,20180907,1,1,96,9.9,0,950.4,0.0,950.4,Em estoque
22,6,1,20181008,4,1,60,9.9,10,594.0,59.4,534.6,Em estoque
22,6,1,20181103,1,1,78,9.9,0,772.2,0.0,772.2,Em estoque
22,6,1,20181208,4,1,96,9.9,0,950.4,0.0,950.4,Em estoque
22,6,1,20190107,4,1,86,9.9,0,851.4,0.0,851.4,Em estoque
22,6,1,20190207,2,1,99,9.9,0,980.1,0.0,980.1,Em estoque
22,6,1,20190305,4,1,57,9.9,0,564.3,0.0,564.3,Em estoque
22,6,1,20190406,1,1,38,9.9,15,376.2,56.43,319.77,Em estoque
22,6,1,20190501,3,1,97,9.9,15,960.3,144.05,816.26,Em estoque
22,6,1,20190531,2,1,21,9.9,20,207.9,41.58,166.32,Em estoque
22,6,1,20190704,3,1,38,9.9,0,376.2,0.0,376.2,Em estoque
22,6,1,20190805,3,1,14,9.9,0,138.6,0.0,138.6,Em estoque
22,6,1,20190906,2,1,10,9.9,0,99.0,0.0,99.0,Em estoque
22,6,1,20191011,4,1,24,9.9,20,237.6,47.52,190.08,Em estoque
22,6,1,20191109,4,1,31,9.9,10,306.9,30.69,276.21,Em estoque
22,6,1,20191207,2,1,18,9.9,10,178.2,17.82,160.38,Em estoque
22,6,1,20200103,1,1,26,9.9,0,257.4,0.0,257.4,Em estoque
22,6,1,20200206,2,1,76,9.9,15,752.4,112.86,639.54,Em estoque
22,6,1,20200306,2,1,96,9.9,0,950.4,0.0,950.4,Em estoque
22,6,1,20200410,3,1,97,9.9,10,960.3,96.03,864.27,Em estoque
22,6,1,20200512,1,1,64,9.9,15,633.6,95.04,538.56,Em estoque
22,6,1,20200616,1,1,51,9.9,5,504.9,25.25,479.66,Em estoque
22,6,1,20200717,3,1,25,9.9,15,247.5,37.12,210.38,Em estoque
22,6,1,20200819,4,1,73,9.9,0,722.7,0.0,722.7,Em estoque
22,6,1,20200921,1,1,38,9.9,0,376.2,0.0,376.2,Em estoque
22,6,1,20201020,4,1,78,9.9,5,772.2,38.61,733.59,Em estoque
22,6,1,20201119,1,1,60,9.9,0,594.0,0.0,594.0,Em estoque
22,6,1,20201219,1,1,83,9.9,20,821.7,164.34,657.36,Em estoque
22,6,1,20210113,2,1,98,9.9,5,970.2,48.51,921.69,Em estoque
22,6,1,20210208,2,1,35,9.9,0,346.5,0.0,346.5,Em estoque
22,6,1,20210310,3,1,18,9.9,15,178.2,26.73,151.47,Em estoque
22,6,1,20210414,1,1,13,9.9,5,128.7,6.44,122.27,Em estoque
22,6,1,20210515,1,1,85,9.9,20,841.5,168.3,673.2,Em estoque
22,6,1,20210619,3,1,42,9.9,0,415.8,0.0,415.8,Em estoque
22,6,1,20210715,4,1,40,9.9,0,396.0,0.0,396.0,Em estoque
22,6,1,20210809,3,1,76,9.9,20,752.4,150.48,601.92,Em estoque
22,6,1,20210906,1,1,86,9.9,10,851.4,85.14,766.26,Em estoque
22,6,1,20211008,1,1,90,9.9,5,891.0,44.55,846.45,Em estoque
22,6,1,20211111,1,1,20,9.9,0,198.0,0.0,198.0,Em estoque
22,6,1,20211206,4,1,50,9.9,20,495.0,99.0,396.0,Em estoque
22,6,1,20220101,2,1,17,9.9,20,168.3,33.66,134.64,Em estoque
22,6,1,20220202,1,1,48,9.9,10,475.2,47.52,427.68,Em estoque
22,6,1,20220309,4,1,18,9.9,0,178.2,0.0,178.2,Em estoque
22,6,1,20220413,1,1,81,9.9,0,801.9,0.0,801.9,Em estoque
22,6,1,20220512,4,1,61,9.9,0,603.9,0.0,603.9,Em estoque
22,6,1,20220615,4,1,39,9.9,20,386.1,77.22,308.88,Em estoque
22,6,1,20220719,1,1,68,9.9,5,673.2,33.66,639.54,Em estoque
22,6,1,20220820,4,1,89,9.9,10,881.1,88.11,792.99,Em estoque
22,6,1,20220915,3,1,93,9.9,15,920.7,138.1,782.6,Em estoque
22,6,1,20221010,4,1,76,9.9,0,752.4,0.0,752.4,Em estoque
22,6,1,20221113,2,1,23,9.9,0,227.7,0.0,227.7,Em estoque
22,6,1,20221208,1,1,85,9.9,20,841.5,168.3,673.2,Em estoque
22,6,1,20230105,2,1,91,9.9,10,900.9,90.09,810.81,Em estoque
22,6,1,20230203,3,1,63,9.9,5,623.7,31.19,592.52,Em estoque
22,6,1,20230309,4,1,33,9.9,0,326.7,0.0,326.7,Em estoque
22,6,1,20230405,1,1,17,9.9,0,168.3,0.0,168.3,Em estoque
22,6,1,20230504,4,1,75,9.9,15,742.5,111.38,631.12,Em estoque
22,6,1,20230603,3,1,84,9.9,10,831.6,83.16,748.44,Em estoque
22,6,1,20230630,2,1,70,9.9,0,693.0,0.0,693.0,Em estoque
22,6,1,20230803,3,1,47,9.9,0,465.3,0.0,465.3,Em estoque
22,6,1,20230828,2,1,17,9.9,0,168.3,0.0,168.3,Em estoque
22,6,1,20230930,1,1,64,9.9,0,633.6,0.0,633.6,Em estoque
22,6,1,20231028,2,1,91,9.9,0,900.9,0.0,900.9,Em estoque
22,6,1,20231123,3,1,34,9.9,15,336.6,50.49,286.11,Em estoque
22,6,1,20231225,4,1,86,9.9,15,851.4,127.71,723.69,Em estoque
22,6,1,20240124,3,1,88,9.9,0,871.2,0.0,871.2,Em estoque
22,6,1,20240224,3,1,30,9.9,0,297.0,0.0,297.0,Em estoque
22,6,1,20240327,1,1,73,9.9,0,722.7,0.0,722.7,Em estoque
22,6,1,20240421,2,1,98,9.9,0,970.2,0.0,970.2,Em estoque
22,6,1,20240523,2,1,40,9.9,5,396.0,19.8,376.2,Em estoque
22,6,1,20240622,4,1,36,9.9,5,356.4,17.82,338.58,Em estoque
22,6,1,20240719,1,1,56,9.9,0,554.4,0.0,554.4,Em estoque
22,6,1,20240814,3,1,13,9.9,10,128.7,12.87,115.83,Em estoque
22,6,1,20240909,2,1,47,9.9,5,465.3,23.27,442.04,Em estoque
22,6,1,20241007,3,1,15,9.9,0,148.5,0.0,148.5,Em estoque
22,6,1,20241104,2,1,46,9.9,0,455.4,0.0,455.4,Em estoque
22,6,1,20241202,3,1,32,9.9,0,316.8,0.0,316.8,Em estoque
22,6,1,20250104,2,1,32,9.9,0,316.8,0.0,316.8,Em estoque
22,6,1,20250129,2,1,43,9.9,0,425.7,0.0,425.7,Em estoque
22,6,1,20250223,2,1,58,9.9,15,574.2,86.13,488.07,Em estoque
22,6,1,20250321,3,1,36,9.9,0,356.4,0.0,356.4,Em estoque
22,6,1,20250422,2,1,57,9.9,20,564.3,112.86,451.44,Em estoque
22,6,1,20250522,2,1,77,9.9,20,762.3,152.46,609.84,Em estoque
22,6,1,20250625,4,1,18,9.9,0,178.2,0.0,178.2,Em estoque
22,6,1,20250722,2,1,34,9.9,0,336.6,0.0,336.6,Em estoque
22,6,1,20250824,4,1,98,9.9,0,970.2,0.0,970.2,Em estoque
22,6,1,20250923,4,1,91,9.9,0,900.9,0.0,900.9,Em estoque
22,6,1,20251018,2,1,78,9.9,0,772.2,0.0,772.2,Em estoque
22,6,1,20251114,3,1,41,9.9,0,405.9,0.0,405.9,Em estoque
22,6,1,20251219,3,1,26,9.9,20,257.4,51.48,205.92,Em estoque
22,6,1,20260121,4,1,36,9.9,15,356.4,53.46,302.94,Em estoque
22,6,1,20260216,4,1,94,9.9,10,930.6,93.06,837.54,Em estoque
22,6,1,20260314,2,1,75,9.9,5,742.5,37.12,705.38,Em estoque
22,6,1,20260418,3,1,73,9.9,10,722.7,72.27,650.43,Em estoque
22,6,1,20260520,2,1,51,9.9,15,504.9,75.73,429.17,Em estoque
22,6,1,20260619,4,1,73,9.9,5,722.7,36.14,686.57,Em estoque
22,6,1,20260718,4,1,91,9.9,20,900.9,180.18,720.72,Em estoque
23,6,1,20170808,2,1,38,9.9,0,376.2,0.0,376.2,Em estoque
23,6,1,20170909,2,1,60,9.9,0,594.0,0.0,594.0,Em estoque
23,6,1,20171008,4,1,58,9.9,10,574.2,57.42,516.78,Em estoque
23,6,1,20171104,3,1,42,9.9,10,415.8,41.58,374.22,Em estoque
23,6,1,20171130,2,1,20,9.9,0,198.0,0.0,198.0,Em estoque
23,6,1,20180101,3,1,39,9.9,10,386.1,38.61,347.49,Em estoque
23,6,1,20180126,4,1,75,9.9,10,742.5,74.25,668.25,Em estoque
23,6,1,20180225,4,1,67,9.9,5,663.3,33.17,630.14,Em estoque
23,6,1,20180328,4,1,57,9.9,20,564.3,112.86,451.44,Em estoque
23,6,1,20180429,3,1,44,9.9,5,435.6,21.78,413.82,Em estoque
23,6,1,20180524,2,1,66,9.9,0,653.4,0.0,653.4,Em estoque
23,6,1,20180622,1,1,55,9.9,0,544.5,0.0,544.5,Em estoque
23,6,1,20180721,1,1,45,9.9,0,445.5,0.0,445.5,Em estoque
23,6,1,20180816,1,1,19,9.9,0,188.1,0.0,188.1,Em estoque
23,6,1,20180910,2,1,52,9.9,0,514.8,0.0,514.8,Em estoque
23,6,1,20181015,3,1,42,9.9,0,415.8,0.0,415.8,Em estoque
23,6,1,20181119,3,1,34,9.9,15,336.6,50.49,286.11,Em estoque
23,6,1,20181223,2,1,79,9.9,0,782.1,0.0,782.1,Em estoque
23,6,1,20190117,3,1,46,9.9,20,455.4,91.08,364.32,Em estoque
23,6,1,20190216,4,1,61,9.9,20,603.9,120.78,483.12,Em estoque
23,6,1,20190322,1,1,70,9.9,15,693.0,103.95,589.05,Em estoque
23,6,1,20190424,2,1,60,9.9,0,594.0,0.0,594.0,Em estoque
23,6,1,20190522,2,1,70,9.9,0,693.0,0.0,693.0,Em estoque
23,6,1,20190624,4,1,69,9.9,0,683.1,0.0,683.1,Em estoque
23,6,1,20190720,3,1,34,9.9,5,336.6,16.83,319.77,Em estoque
23,6,1,20190820,2,1,66,9.9,5,653.4,32.67,620.73,Em estoque
23,6,1,20190922,1,1,57,9.9,0,564.3,0.0,564.3,Em estoque
23,6,1,20191026,2,1,49,9.9,15,485.1,72.77,412.34,Em estoque
23,6,1,20191120,4,1,94,9.9,20,930.6,186.12,744.48,Em estoque
23,6,1,20191220,3,1,38,9.9,5,376.2,18.81,357.39,Em estoque
23,6,1,20200120,4,1,98,9.9,10,970.2,97.02,873.18,Em estoque
23,6,1,20200218,3,1,85,9.9,0,841.5,0.0,841.5,Em estoque
23,6,1,20200323,1,1,27,9.9,0,267.3,0.0,267.3,Em estoque
23,6,1,20200422,4,1,58,9.9,0,574.2,0.0,574.2,Em estoque
23,6,1,20200523,1,1,78,9.9,5,772.2,38.61,733.59,Em estoque
23,6,1,20200620,4,1,23,9.9,0,227.7,0.0,227.7,Em estoque
23,6,1,20200724,4,1,91,9.9,0,900.9,0.0,900.9,Em estoque
23,6,1,20200819,2,1,23,9.9,15,227.7,34.16,193.55,Em estoque
23,6,1,20200921,2,1,14,9.9,20,138.6,27.72,110.88,Em estoque
23,6,1,20201025,4,1,13,9.9,0,128.7,0.0,128.7,Em estoque
23,6,1,20201122,1,1,59,9.9,0,584.1,0.0,584.1,Em estoque
23,6,1,20201220,2,1,47,9.9,15,465.3,69.8,395.5,Em estoque
23,6,1,20210122,1,1,68,9.9,0,673.2,0.0,673.2,Em estoque
23,6,1,20210221,1,1,31,9.9,0,306.9,0.0,306.9,Em estoque
23,6,1,20210324,4,1,30,9.9,0,297.0,0.0,297.0,Em estoque
23,6,1,20210420,4,1,71,9.9,15,702.9,105.43,597.47,Em estoque
23,6,1,20210516,4,1,36,9.9,0,356.4,0.0,356.4,Em estoque
23,6,1,20210613,3,1,65,9.9,20,643.5,128.7,514.8,Em estoque
23,6,1,20210718,4,1,30,9.9,10,297.0,29.7,267.3,Em estoque
23,6,1,20210821,3,1,85,9.9,0,841.5,0.0,841.5,Em estoque
23,6,1,20210923,4,1,45,9.9,0,445.5,0.0,445.5,Em estoque
23,6,1,20211018,2,1,67,9.9,0,663.3,0.0,663.3,Em estoque
23,6,1,20211118,2,1,77,9.9,0,762.3,0.0,762.3,Em estoque
23,6,1,20211222,4,1,68,9.9,5,673.2,33.66,639.54,Em estoque
23,6,1,20220125,1,1,21,9.9,0,207.9,0.0,207.9,Em estoque
23,6,1,20220301,4,1,54,9.9,15,534.6,80.19,454.41,Em estoque
23,6,1,20220330,4,1,88,9.9,20,871.2,174.24,696.96,Em estoque
23,6,1,20220426,4,1,41,9.9,0,405.9,0.0,405.9,Em estoque
23,6,1,20220530,4,1,68,9.9,5,673.2,33.66,639.54,Em estoque
23,6,1,20220704,2,1,99,9.9,10,980.1,98.01,882.09,Em estoque
23,6,1,20220730,4,1,99,9.9,0,980.1,0.0,980.1,Em estoque
23,6,1,20220827,2,1,45,9.9,15,445.5,66.83,378.68,Em estoque
23,6,1,20220929,3,1,95,9.9,0,940.5,0.0,940.5,Em estoque
23,6,1,20221027,4,1,62,9.9,20,613.8,122.76,491.04,Em estoque
23,6,1,20221129,1,1,57,9.9,0,564.3,0.0,564.3,Em estoque
23,6,1,20221225,3,1,62,9.9,5,613.8,30.69,583.11,Em estoque
23,6,1,20230121,3,1,36,9.9,10,356.4,35.64,320.76,Em estoque
23,6,1,20230215,4,1,13,9.9,0,128.7,0.0,128.7,Em estoque
23,6,1,20230322,4,1,58,9.9,0,574.2,0.0,574.2,Em estoque
23,6,1,20230422,2,1,60,9.9,0,594.0,0.0,594.0,Em estoque
23,6,1,20230517,3,1,24,9.9,15,237.6,35.64,201.96,Em estoque
23,6,1,20230613,3,1,95,9.9,15,940.5,141.07,799.42,Em estoque
23,6,1,20230715,4,1,69,9.9,0,683.1,0.0,683.1,Em estoque
23,6,1,20230810,2,1,66,9.9,0,653.4,0.0,653.4,Em estoque
23,6,1,20230911,3,1,30,9.9,0,297.0,0.0,297.0,Em estoque
23,6,1,20231006,1,1,32,9.9,0,316.8,0.0,316.8,Em estoque
23,6,1,20231101,4,1,31,9.9,0,306.9,0.0,306.9,Em estoque
23,6,1,20231206,1,1,96,9.9,0,950.4,0.0,950.4,Em estoque
23,6,1,20240102,4,1,55,9.9,0,544.5,0.0,544.5,Em estoque
23,6,1,20240130,1,1,96,9.9,10,950.4,95.04,855.36,Em estoque
23,6,1,20240227,4,1,99,9.9,0,980.1,0.0,980.1,Em estoque
23,6,1,20240402,1,1,59,9.9,15,584.1,87.61,496.49,Em estoque
23,6,1,20240501,4,1,16,9.9,10,158.4,15.84,142.56,Em estoque
23,6,1,20240526,1,1,58,9.9,20,574.2,114.84,459.36,Em estoque
23,6,1,20240623,2,1,57,9.9,0,564.3,0.0,564.3,Em estoque
23,6,1,20240721,1,1,12,9.9,5,118.8,5.94,112.86,Em estoque
23,6,1,20240815,1,1,53,9.9,20,524.7,104.94,419.76,Em estoque
23,6,1,20240912,1,1,38,9.9,0,376.2,0.0,376.2,Em estoque
23,6,1,20241017,2,1,31,9.9,0,306.9,0.0,306.9,Em estoque
23,6,1,20241117,1,1,51,9.9,0,504.9,0.0,504.9,Em estoque
23,6,1,20241220,2,1,89,9.9,0,881.1,0.0,881.1,Em estoque
23,6,1,20250122,4,1,64,9.9,0,633.6,0.0,633.6,Em estoque
23,6,1,20250219,2,1,23,9.9,0,227.7,0.0,227.7,Em estoque
23,6,1,20250321,2,1,11,9.9,5,108.9,5.45,103.46,Em estoque
23,6,1,20250425,3,1,11,9.9,5,108.9,5.45,103.46,Em estoque
23,6,1,20250523,4,1,38,9.9,0,376.2,0.0,376.2,Em estoque
23,6,1,20250627,3,1,93,9.9,10,920.7,92.07,828.63,Em estoque
23,6,1,20250727,1,1,18,9.9,0,178.2,0.0,178.2,Em estoque
23,6,1,20250827,3,1,86,9.9,5,851.4,42.57,808.83,Em estoque
23,6,1,20250922,2,1,42,9.9,0,415.8,0.0,415.8,Em estoque
23,6,1,20251026,3,1,90,9.9,15,891.0,133.65,757.35,Em estoque
23,6,1,20251126,2,1,52,9.9,0,514.8,0.0,514.8,Em estoque
23,6,1,20251231,3,1,95,9.9,5,940.5,47.03,893.48,Em estoque
23,6,1,20260126,3,1,12,9.9,10,118.8,11.88,106.92,Em estoque
23,6,1,20260301,4,1,58,9.9,10,574.2,57.42,516.78,Em estoque
23,6,1,20260405,2,1,74,9.9,10,732.6,73.26,659.34,Em estoque
23,6,1,20260430,2,1,12,9.9,10,118.8,11.88,106.92,Em estoque
23,6,1,20260526,3,1,40,9.9,15,396.0,59.4,336.6,Em estoque
23,6,1,20260626,2,1,89,9.9,0,881.1,0.0,881.1,Em estoque
23,6,1,20260721,2,1,57,9.9,5,564.3,28.22,536.09,Em estoque
23,6,1,20260819,2,1,29,9.9,5,287.1,14.36,272.75,Em estoque
24,13,1,20170804,2,5,28,89.9,10,2517.2,251.72,2265.48,Em estoque
24,13,1,20170905,3,5,9,89.9,0,809.1,0.0,809.1,Em estoque
24,13,1,20171005,1,5,21,89.9,20,1887.9,377.58,1510.32,Em estoque
24,13,1,20171105,3,5,29,89.9,0,2607.1,0.0,2607.1,Em estoque
24,13,1,20171203,3,5,15,89.9,0,1348.5,0.0,1348.5,Em estoque
24,13,1,20171231,1,5,26,89.9,0,2337.4,0.0,2337.4,Em estoque
24,13,1,20180204,2,5,24,89.9,20,2157.6,431.52,1726.08,Em estoque
24,13,1,20180307,3,5,10,89.9,5,899.0,44.95,854.05,Em estoque
24,13,1,20180411,1,5,7,89.9,20,629.3,125.86,503.44,Em estoque
24,13,1,20180513,1,5,11,89.9,0,988.9,0.0,988.9,Em estoque
24,13,1,20180617,2,5,11,89.9,0,988.9,0.0,988.9,Em estoque
24,13,1,20180713,2,5,23,89.9,10,2067.7,206.77,1860.93,Em estoque
24,13,1,20180810,2,5,21,89.9,0,1887.9,0.0,1887.9,Em estoque
24,13,1,20180910,4,5,14,89.9,0,1258.6,0.0,1258.6,Em estoque
24,13,1,20181008,2,5,18,89.9,0,1618.2,0.0,1618.2,Em estoque
24,13,1,20181111,2,5,14,89.9,0,1258.6,0.0,1258.6,Em estoque
24,13,1,20181215,4,5,25,89.9,0,2247.5,0.0,2247.5,Em estoque
24,13,1,20190113,4,5,7,89.9,0,629.3,0.0,629.3,Em estoque
24,13,1,20190213,4,5,10,89.9,5,899.0,44.95,854.05,Em estoque
24,13,1,20190317,4,5,21,89.9,10,1887.9,188.79,1699.11,Em estoque
24,13,1,20190417,2,5,30,89.9,5,2697.0,134.85,2562.15,Em estoque
24,13,1,20190512,4,5,18,89.9,20,1618.2,323.64,1294.56,Em estoque
24,13,1,20190607,3,5,24,89.9,10,2157.6,215.76,1941.84,Em estoque
24,13,1,20190704,2,5,13,89.9,5,1168.7,58.44,1110.27,Em estoque
24,13,1,20190805,3,5,19,89.9,0,1708.1,0.0,1708.1,Em estoque
24,13,1,20190905,4,5,7,89.9,0,629.3,0.0,629.3,Em estoque
24,13,1,20191002,4,5,11,89.9,0,988.9,0.0,988.9,Em estoque
24,13,1,20191030,1,5,5,89.9,20,449.5,89.9,359.6,Em estoque
24,13,1,20191202,3,5,20,89.9,5,1798.0,89.9,1708.1,Em estoque
24,13,1,20200102,4,5,28,89.9,0,2517.2,0.0,2517.2,Em estoque
24,13,1,20200202,4,5,14,89.9,15,1258.6,188.79,1069.81,Em estoque
24,13,1,20200307,1,5,18,89.9,0,1618.2,0.0,1618.2,Em estoque
24,13,1,20200402,4,5,23,89.9,0,2067.7,0.0,2067.7,Em estoque
24,13,1,20200430,4,5,13,89.9,20,1168.7,233.74,934.96,Em estoque
24,13,1,20200530,4,5,25,89.9,15,2247.5,337.12,1910.38,Em estoque
24,13,1,20200629,1,5,25,89.9,5,2247.5,112.38,2135.12,Em estoque
24,13,1,20200730,2,5,12,89.9,5,1078.8,53.94,1024.86,Em estoque
24,13,1,20200824,3,5,25,89.9,15,2247.5,337.12,1910.38,Em estoque
24,13,1,20200928,1,5,27,89.9,15,2427.3,364.1,2063.2,Em estoque
24,13,1,20201102,2,5,13,89.9,10,1168.7,116.87,1051.83,Em estoque
24,13,1,20201204,2,5,13,89.9,0,1168.7,0.0,1168.7,Em estoque
24,13,1,20210107,2,5,5,89.9,0,449.5,0.0,449.5,Em estoque
24,13,1,20210202,4,5,17,89.9,15,1528.3,229.25,1299.06,Em estoque
24,13,1,20210308,1,5,21,89.9,0,1887.9,0.0,1887.9,Em estoque
24,13,1,20210408,2,5,18,89.9,0,1618.2,0.0,1618.2,Em estoque
24,13,1,20210507,4,5,23,89.9,0,2067.7,0.0,2067.7,Em estoque
24,13,1,20210607,1,5,8,89.9,15,719.2,107.88,611.32,Em estoque
24,13,1,20210711,3,5,9,89.9,0,809.1,0.0,809.1,Em estoque
24,13,1,20210808,4,5,27,89.9,0,2427.3,0.0,2427.3,Em estoque
24,13,1,20210902,2,5,20,89.9,0,1798.0,0.0,1798.0,Em estoque
24,13,1,20210928,1,5,29,89.9,15,2607.1,391.07,2216.04,Em estoque
24,13,1,20211029,4,5,25,89.9,0,2247.5,0.0,2247.5,Em estoque
24,13,1,20211129,2,5,10,89.9,0,899.0,0.0,899.0,Em estoque
24,13,1,20211226,2,5,11,89.9,5,988.9,49.45,939.46,Em estoque
24,13,1,20220122,1,5,19,89.9,10,1708.1,170.81,1537.29,Em estoque
24,13,1,20220219,2,5,11,89.9,0,988.9,0.0,988.9,Em estoque
24,13,1,20220318,2,5,13,89.9,20,1168.7,233.74,934.96,Em estoque
24,13,1,20220418,4,5,25,89.9,10,2247.5,224.75,2022.75,Em estoque
24,13,1,20220514,2,5,7,89.9,0,629.3,0.0,629.3,Em estoque
24,13,1,20220609,4,5,8,89.9,0,719.2,0.0,719.2,Em estoque
24,13,1,20220705,3,5,5,89.9,10,449.5,44.95,404.55,Em estoque
24,13,1,20220802,4,5,20,89.9,15,1798.0,269.7,1528.3,Em estoque
24,13,1,20220828,1,5,6,89.9,0,539.4,0.0,539.4,Em estoque
24,13,1,20220922,1,5,8,89.9,0,719.2,0.0,719.2,Em estoque
24,13,1,20221025,1,5,17,89.9,10,1528.3,152.83,1375.47,Em estoque
24,13,1,20221127,3,5,20,89.9,5,1798.0,89.9,1708.1,Em estoque
24,13,1,20221227,4,5,15,89.9,0,1348.5,0.0,1348.5,Em estoque
24,13,1,20230131,3,5,15,89.9,20,1348.5,269.7,1078.8,Em estoque
24,13,1,20230228,3,5,26,89.9,5,2337.4,116.87,2220.53,Em estoque
24,13,1,20230331,1,5,16,89.9,20,1438.4,287.68,1150.72,Em estoque
24,13,1,20230430,1,5,5,89.9,5,449.5,22.48,427.02,Em estoque
24,13,1,20230531,2,5,5,89.9,10,449.5,44.95,404.55,Em estoque
24,13,1,20230626,3,5,27,89.9,20,2427.3,485.46,1941.84,Em estoque
24,13,1,20230724,3,5,19,89.9,10,1708.1,170.81,1537.29,Em estoque
24,13,1,20230828,4,5,21,89.9,5,1887.9,94.4,1793.51,Em estoque
24,13,1,20231002,2,5,5,89.9,15,449.5,67.42,382.07,Em estoque
24,13,1,20231101,1,5,25,89.9,0,2247.5,0.0,2247.5,Em estoque
24,13,1,20231126,3,5,26,89.9,5,2337.4,116.87,2220.53,Em estoque
24,13,1,20231224,4,5,17,89.9,15,1528.3,229.25,1299.06,Em estoque
24,13,1,20240127,1,5,16,89.9,5,1438.4,71.92,1366.48,Em estoque
24,13,1,20240228,1,5,28,89.9,5,2517.2,125.86,2391.34,Em estoque
24,13,1,20240328,2,5,27,89.9,0,2427.3,0.0,2427.3,Em estoque
24,13,1,20240430,1,5,9,89.9,5,809.1,40.46,768.64,Em estoque
24,13,1,20240526,3,5,26,89.9,10,2337.4,233.74,2103.66,Em estoque
24,13,1,20240627,2,5,19,89.9,0,1708.1,0.0,1708.1,Em estoque
24,13,1,20240729,2,5,12,89.9,0,1078.8,0.0,1078.8,Em estoque
24,13,1,20240825,1,5,8,89.9,5,719.2,35.96,683.24,Em estoque
24,13,1,20240919,2,5,15,89.9,5,1348.5,67.42,1281.08,Em estoque
24,13,1,20241018,2,5,28,89.9,0,2517.2,0.0,2517.2,Em estoque
24,13,1,20241122,4,5,26,89.9,0,2337.4,0.0,2337.4,Em estoque
24,13,1,20241227,2,5,22,89.9,15,1977.8,296.67,1681.13,Em estoque
24,13,1,20250128,1,5,30,89.9,15,2697.0,404.55,2292.45,Em estoque
24,13,1,20250227,2,5,23,89.9,20,2067.7,413.54,1654.16,Em estoque
24,13,1,20250402,1,5,25,89.9,0,2247.5,0.0,2247.5,Em estoque
24,13,1,20250503,4,5,25,89.9,15,2247.5,337.12,1910.38,Em estoque
24,13,1,20250605,4,5,30,89.9,0,2697.0,0.0,2697.0,Em estoque
24,13,1,20250703,3,5,8,89.9,0,719.2,0.0,719.2,Em estoque
24,13,1,20250729,1,5,7,89.9,0,629.3,0.0,629.3,Em estoque
24,13,1,20250901,2,5,28,89.9,0,2517.2,0.0,2517.2,Em estoque
24,13,1,20251005,3,5,9,89.9,20,809.1,161.82,647.28,Em estoque
24,13,1,20251104,4,5,23,89.9,15,2067.7,310.16,1757.55,Em estoque
24,13,1,20251129,3,5,6,89.9,10,539.4,53.94,485.46,Em estoque
24,13,1,20260101,2,5,17,89.9,5,1528.3,76.42,1451.89,Em estoque
24,13,1,20260131,3,5,30,89.9,15,2697.0,404.55,2292.45,Em estoque
24,13,1,20260227,2,5,8,89.9,5,719.2,35.96,683.24,Em estoque
24,13,1,20260324,4,5,15,89.9,0,1348.5,0.0,1348.5,Em estoque
24,13,1,20260422,2,5,20,89.9,15,1798.0,269.7,1528.3,Em estoque
24,13,1,20260524,2,5,24,89.9,0,2157.6,0.0,2157.6,Em estoque
24,13,1,20260620,1,5,24,89.9,0,2157.6,0.0,2157.6,Em estoque
24,13,1,20260719,1,5,13,89.9,20,1168.7,233.74,934.96,Em estoque
24,13,1,20260822,4,5,25,89.9,20,2247.5,449.5,1798.0,Em estoque
25,11,1,20170521,4,1,17,19.0,20,323.0,64.6,258.4,Em estoque
25,11,1,20170620,2,1,36,19.0,20,684.0,136.8,547.2,Em estoque
25,11,1,20170718,1,1,32,19.0,20,608.0,121.6,486.4,Em estoque
25,11,1,20170819,4,1,48,19.0,20,912.0,182.4,729.6,Em estoque
25,11,1,20170923,2,1,12,19.0,10,228.0,22.8,205.2,Em estoque
25,11,1,20171024,3,1,64,19.0,15,1216.0,182.4,1033.6,Em estoque
25,11,1,20171125,3,1,60,19.0,5,1140.0,57.0,1083.0,Em estoque
25,11,1,20171221,3,1,46,19.0,15,874.0,131.1,742.9,Em estoque
25,11,1,20180118,4,1,22,19.0,0,418.0,0.0,418.0,Em estoque
25,11,1,20180217,1,1,100,19.0,0,1900.0,0.0,1900.0,Em estoque
25,11,1,20180321,2,1,83,19.0,0,1577.0,0.0,1577.0,Em estoque
25,11,1,20180422,4,1,47,19.0,0,893.0,0.0,893.0,Em estoque
25,11,1,20180520,2,1,35,19.0,15,665.0,99.75,565.25,Em estoque
25,11,1,20180624,1,1,56,19.0,15,1064.0,159.6,904.4,Em estoque
25,11,1,20180728,1,1,96,19.0,20,1824.0,364.8,1459.2,Em estoque
25,11,1,20180824,4,1,64,19.0,15,1216.0,182.4,1033.6,Em estoque
25,11,1,20180920,1,1,22,19.0,0,418.0,0.0,418.0,Em estoque
25,11,1,20181022,2,1,16,19.0,0,304.0,0.0,304.0,Em estoque
25,11,1,20181124,3,1,85,19.0,5,1615.0,80.75,1534.25,Em estoque
25,11,1,20181221,4,1,41,19.0,0,779.0,0.0,779.0,Em estoque
25,11,1,20190116,2,1,60,19.0,5,1140.0,57.0,1083.0,Em estoque
25,11,1,20190214,2,1,93,19.0,15,1767.0,265.05,1501.95,Em estoque
25,11,1,20190317,1,1,69,19.0,20,1311.0,262.2,1048.8,Em estoque
25,11,1,20190421,4,1,45,19.0,15,855.0,128.25,726.75,Em estoque
25,11,1,20190526,4,1,57,19.0,0,1083.0,0.0,1083.0,Em estoque
25,11,1,20190621,1,1,20,19.0,0,380.0,0.0,380.0,Em estoque
25,11,1,20190723,2,1,12,19.0,10,228.0,22.8,205.2,Em estoque
25,11,1,20190826,4,1,45,19.0,15,855.0,128.25,726.75,Em estoque
25,11,1,20190921,2,1,59,19.0,5,1121.0,56.05,1064.95,Em estoque
25,11,1,20191026,4,1,48,19.0,10,912.0,91.2,820.8,Em estoque
25,11,1,20191122,1,1,51,19.0,0,969.0,0.0,969.0,Em estoque
25,11,1,20191225,2,1,61,19.0,20,1159.0,231.8,927.2,Em estoque
25,11,1,20200119,4,1,81,19.0,20,1539.0,307.8,1231.2,Em estoque
25,11,1,20200221,4,1,18,19.0,10,342.0,34.2,307.8,Em estoque
25,11,1,20200326,1,1,36,19.0,15,684.0,102.6,581.4,Em estoque
25,11,1,20200421,2,1,86,19.0,15,1634.0,245.1,1388.9,Em estoque
25,11,1,20200518,1,1,81,19.0,5,1539.0,76.95,1462.05,Em estoque
25,11,1,20200617,1,1,15,19.0,0,285.0,0.0,285.0,Em estoque
25,11,1,20200721,2,1,93,19.0,0,1767.0,0.0,1767.0,Em estoque
25,11,1,20200816,3,1,14,19.0,0,266.0,0.0,266.0,Em estoque
25,11,1,20200911,3,1,56,19.0,10,1064.0,106.4,957.6,Em estoque
25,11,1,20201008,4,1,94,19.0,0,1786.0,0.0,1786.0,Em estoque
25,11,1,20201105,3,1,15,19.0,10,285.0,28.5,256.5,Em estoque
25,11,1,20201204,4,1,27,19.0,10,513.0,51.3,461.7,Em estoque
25,11,1,20210105,3,1,76,19.0,0,1444.0,0.0,1444.0,Em estoque
25,11,1,20210208,2,1,98,19.0,0,1862.0,0.0,1862.0,Em estoque
25,11,1,20210315,1,1,40,19.0,0,760.0,0.0,760.0,Em estoque
25,11,1,20210412,2,1,48,19.0,20,912.0,182.4,729.6,Em estoque
25,11,1,20210510,2,1,87,19.0,10,1653.0,165.3,1487.7,Em estoque
25,11,1,20210607,3,1,45,19.0,0,855.0,0.0,855.0,Em estoque
25,11,1,20210711,4,1,19,19.0,10,361.0,36.1,324.9,Em estoque
25,11,1,20210809,3,1,58,19.0,15,1102.0,165.3,936.7,Em estoque
25,11,1,20210905,4,1,68,19.0,0,1292.0,0.0,1292.0,Em estoque
25,11,1,20211004,4,1,98,19.0,0,1862.0,0.0,1862.0,Em estoque
25,11,1,20211106,2,1,19,19.0,15,361.0,54.15,306.85,Em estoque
25,11,1,20211205,2,1,57,19.0,10,1083.0,108.3,974.7,Em estoque
25,11,1,20220109,2,1,63,19.0,20,1197.0,239.4,957.6,Em estoque
25,11,1,20220205,3,1,65,19.0,5,1235.0,61.75,1173.25,Em estoque
25,11,1,20220302,2,1,19,19.0,0,361.0,0.0,361.0,Em estoque
25,11,1,20220328,1,1,97,19.0,10,1843.0,184.3,1658.7,Em estoque
25,11,1,20220428,1,1,52,19.0,15,988.0,148.2,839.8,Em estoque
25,11,1,20220524,3,1,52,19.0,20,988.0,197.6,790.4,Em estoque
25,11,1,20220622,2,1,38,19.0,0,722.0,0.0,722.0,Em estoque
25,11,1,20220717,1,1,58,19.0,0,1102.0,0.0,1102.0,Em estoque
25,11,1,20220817,1,1,25,19.0,0,475.0,0.0,475.0,Em estoque
25,11,1,20220919,3,1,85,19.0,20,1615.0,323.0,1292.0,Em estoque
25,11,1,20221021,1,1,77,19.0,0,1463.0,0.0,1463.0,Em estoque
25,11,1,20221124,3,1,80,19.0,0,1520.0,0.0,1520.0,Em estoque
25,11,1,20221228,1,1,16,19.0,0,304.0,0.0,304.0,Em estoque
25,11,1,20230127,4,1,33,19.0,0,627.0,0.0,627.0,Em estoque
25,11,1,20230303,4,1,71,19.0,10,1349.0,134.9,1214.1,Em estoque
25,11,1,20230330,3,1,11,19.0,15,209.0,31.35,177.65,Em estoque
25,11,1,20230502,2,1,94,19.0,0,1786.0,0.0,1786.0,Em estoque
25,11,1,20230529,4,1,82,19.0,15,1558.0,233.7,1324.3,Em estoque
25,11,1,20230627,1,1,91,19.0,0,1729.0,0.0,1729.0,Em estoque
25,11,1,20230725,4,1,100,19.0,5,1900.0,95.0,1805.0,Em estoque
25,11,1,20230821,4,1,55,19.0,20,1045.0,209.0,836.0,Em estoque
25,11,1,20230922,3,1,45,19.0,5,855.0,42.75,812.25,Em estoque
25,11,1,20231025,2,1,49,19.0,15,931.0,139.65,791.35,Em estoque
25,11,1,20231120,3,1,62,19.0,20,1178.0,235.6,942.4,Em estoque
25,11,1,20231220,1,1,91,19.0,0,1729.0,0.0,1729.0,Em estoque
25,11,1,20240115,2,1,21,19.0,0,399.0,0.0,399.0,Em estoque
25,11,1,20240218,1,1,20,19.0,15,380.0,57.0,323.0,Em estoque
25,11,1,20240318,4,1,11,19.0,5,209.0,10.45,198.55,Em estoque
25,11,1,20240422,2,1,71,19.0,5,1349.0,67.45,1281.55,Em estoque
25,11,1,20240525,1,1,61,19.0,0,1159.0,0.0,1159.0,Em estoque
25,11,1,20240628,2,1,10,19.0,15,190.0,28.5,161.5,Em estoque
25,11,1,20240729,3,1,41,19.0,15,779.0,116.85,662.15,Em estoque
25,11,1,20240902,1,1,87,19.0,5,1653.0,82.65,1570.35,Em estoque
25,11,1,20240929,2,1,32,19.0,0,608.0,0.0,608.0,Em estoque
25,11,1,20241029,2,1,75,19.0,0,1425.0,0.0,1425.0,Em estoque
25,11,1,20241123,4,1,73,19.0,5,1387.0,69.35,1317.65,Em estoque
25,11,1,20241220,3,1,24,19.0,0,456.0,0.0,456.0,Em estoque
25,11,1,20250124,2,1,79,19.0,20,1501.0,300.2,1200.8,Em estoque
25,11,1,20250219,3,1,48,19.0,5,912.0,45.6,866.4,Em estoque
25,11,1,20250320,3,1,37,19.0,0,703.0,0.0,703.0,Em estoque
25,11,1,20250424,4,1,37,19.0,0,703.0,0.0,703.0,Em estoque
25,11,1,20250529,1,1,69,19.0,10,1311.0,131.1,1179.9,Em estoque
25,11,1,20250630,1,1,55,19.0,0,1045.0,0.0,1045.0,Em estoque
25,11,1,20250803,4,1,52,19.0,0,988.0,0.0,988.0,Em estoque
25,11,1,20250902,1,1,10,19.0,0,190.0,0.0,190.0,Em estoque
25,11,1,20250929,4,1,55,19.0,0,1045.0,0.0,1045.0,Em estoque
25,11,1,20251025,4,1,72,19.0,0,1368.0,0.0,1368.0,Em estoque
25,11,1,20251120,2,1,62,19.0,0,1178.0,0.0,1178.0,Em estoque
25,11,1,20251222,1,1,29,19.0,20,551.0,110.2,440.8,Em estoque
25,11,1,20260126,3,1,38,19.0,5,722.0,36.1,685.9,Em estoque
25,11,1,20260226,3,1,48,19.0,0,912.0,0.0,912.0,Em estoque
25,11,1,20260329,2,1,78,19.0,20,1482.0,296.4,1185.6,Em estoque
25,11,1,20260427,1,1,66,19.0,15,1254.0,188.1,1065.9,Em estoque
25,11,1,20260529,2,1,27,19.0,0,513.0,0.0,513.0,Em estoque
25,11,1,20260629,1,1,55,19.0,20,1045.0,209.0,836.0,Em estoque
25,11,1,20260727,1,1,34,19.0,0,646.0,0.0,646.0,Em estoque
25,11,1,20260821,2,1,60,19.0,5,1140.0,57.0,1083.0,Em estoque
26,2,1,20161201,2,5,20,99.9,15,1998.0,299.7,1698.3,Em estoque
26,2,1,20161230,1,5,18,99.9,5,1798.2,89.91,1708.29,Em estoque
26,2,1,20170201,4,5,30,99.9,15,2997.0,449.55,2547.45,Em estoque
26,2,1,20170228,3,5,29,99.9,20,2897.1,579.42,2317.68,Em estoque
26,2,1,20170331,4,5,9,99.9,0,899.1,0.0,899.1,Em estoque
26,2,1,20170426,1,5,9,99.9,0,899.1,0.0,899.1,Em estoque
26,2,1,20170526,1,5,29,99.9,15,2897.1,434.57,2462.54,Em estoque
26,2,1,20170623,1,5,26,99.9,20,2597.4,519.48,2077.92,Em estoque
26,2,1,20170723,4,5,24,99.9,15,2397.6,359.64,2037.96,Em estoque
26,2,1,20170817,4,5,20,99.9,0,1998.0,0.0,1998.0,Em estoque
26,2,1,20170915,4,5,7,99.9,20,699.3,139.86,559.44,Em estoque
26,2,1,20171016,2,5,24,99.9,0,2397.6,0.0,2397.6,Em estoque
26,2,1,20171118,2,5,12,99.9,0,1198.8,0.0,1198.8,Em estoque
26,2,1,20171214,3,5,27,99.9,0,2697.3,0.0,2697.3,Em estoque
26,2,1,20180118,4,5,11,99.9,5,1098.9,54.95,1043.96,Em estoque
26,2,1,20180213,2,5,11,99.9,20,1098.9,219.78,879.12,Em estoque
26,2,1,20180319,2,5,12,99.9,0,1198.8,0.0,1198.8,Em estoque
26,2,1,20180415,4,5,6,99.9,0,599.4,0.0,599.4,Em estoque
26,2,1,20180513,2,5,18,99.9,0,1798.2,0.0,1798.2,Em estoque
26,2,1,20180616,2,5,7,99.9,20,699.3,139.86,559.44,Em estoque
26,2,1,20180711,4,5,18,99.9,10,1798.2,179.82,1618.38,Em estoque
26,2,1,20180809,2,5,12,99.9,0,1198.8,0.0,1198.8,Em estoque
26,2,1,20180909,4,5,6,99.9,10,599.4,59.94,539.46,Em estoque
26,2,1,20181010,1,5,14,99.9,0,1398.6,0.0,1398.6,Em estoque
26,2,1,20181108,3,5,13,99.9,0,1298.7,0.0,1298.7,Em estoque
26,2,1,20181209,2,5,15,99.9,0,1498.5,0.0,1498.5,Em estoque
26,2,1,20190105,1,5,5,99.9,0,499.5,0.0,499.5,Em estoque
26,2,1,20190209,3,5,11,99.9,0,1098.9,0.0,1098.9,Em estoque
26,2,1,20190313,3,5,24,99.9,0,2397.6,0.0,2397.6,Em estoque
26,2,1,20190413,2,5,13,99.9,5,1298.7,64.94,1233.77,Em estoque
26,2,1,20190513,3,5,14,99.9,0,1398.6,0.0,1398.6,Em estoque
26,2,1,20190608,1,5,26,99.9,10,2597.4,259.74,2337.66,Em estoque
26,2,1,20190705,3,5,16,99.9,15,1598.4,239.76,1358.64,Em estoque
26,2,1,20190804,3,5,12,99.9,15,1198.8,179.82,1018.98,Em estoque
26,2,1,20190902,2,5,23,99.9,5,2297.7,114.89,2182.82,Em estoque
26,2,1,20190928,1,5,9,99.9,15,899.1,134.87,764.24,Em estoque
26,2,1,20191101,1,5,6,99.9,10,599.4,59.94,539.46,Em estoque
26,2,1,20191206,2,5,11,99.9,15,1098.9,164.84,934.07,Em estoque
26,2,1,20200107,1,5,7,99.9,10,699.3,69.93,629.37,Em estoque
26,2,1,20200210,3,5,14,99.9,15,1398.6,209.79,1188.81,Em estoque
26,2,1,20200313,2,5,22,99.9,15,2197.8,329.67,1868.13,Em estoque
26,2,1,20200409,1,5,9,99.9,0,899.1,0.0,899.1,Em estoque
26,2,1,20200510,3,5,29,99.9,20,2897.1,579.42,2317.68,Em estoque
26,2,1,20200612,3,5,16,99.9,5,1598.4,79.92,1518.48,Em estoque
26,2,1,20200717,1,5,18,99.9,0,1798.2,0.0,1798.2,Em estoque
26,2,1,20200818,4,5,21,99.9,10,2097.9,209.79,1888.11,Em estoque
26,2,1,20200912,2,5,24,99.9,0,2397.6,0.0,2397.6,Em estoque
26,2,1,20201009,3,5,6,99.9,10,599.4,59.94,539.46,Em estoque
26,2,1,20201103,2,5,28,99.9,20,2797.2,559.44,2237.76,Em estoque
26,2,1,20201204,4,5,26,99.9,10,2597.4,259.74,2337.66,Em estoque
26,2,1,20210106,1,5,10,99.9,5,999.0,49.95,949.05,Em estoque
26,2,1,20210208,4,5,22,99.9,20,2197.8,439.56,1758.24,Em estoque
26,2,1,20210311,4,5,24,99.9,0,2397.6,0.0,2397.6,Em estoque
26,2,1,20210408,2,5,5,99.9,0,499.5,0.0,499.5,Em estoque
26,2,1,20210512,2,5,23,99.9,15,2297.7,344.66,1953.05,Em estoque
26,2,1,20210606,4,5,21,99.9,15,2097.9,314.69,1783.22,Em estoque
26,2,1,20210709,3,5,14,99.9,20,1398.6,279.72,1118.88,Em estoque
26,2,1,20210806,3,5,27,99.9,0,2697.3,0.0,2697.3,Em estoque
26,2,1,20210908,1,5,10,99.9,0,999.0,0.0,999.0,Em estoque
26,2,1,20211003,2,5,14,99.9,0,1398.6,0.0,1398.6,Em estoque
26,2,1,20211107,2,5,13,99.9,0,1298.7,0.0,1298.7,Em estoque
26,2,1,20211206,1,5,25,99.9,0,2497.5,0.0,2497.5,Em estoque
26,2,1,20220103,1,5,5,99.9,15,499.5,74.92,424.57,Em estoque
26,2,1,20220202,3,5,15,99.9,0,1498.5,0.0,1498.5,Em estoque
26,2,1,20220307,3,5,28,99.9,0,2797.2,0.0,2797.2,Em estoque
26,2,1,20220407,3,5,15,99.9,0,1498.5,0.0,1498.5,Em estoque
26,2,1,20220512,1,5,16,99.9,0,1598.4,0.0,1598.4,Em estoque
26,2,1,20220610,2,5,13,99.9,0,1298.7,0.0,1298.7,Em estoque
26,2,1,20220713,1,5,28,99.9,15,2797.2,419.58,2377.62,Em estoque
26,2,1,20220813,3,5,25,99.9,15,2497.5,374.62,2122.88,Em estoque
26,2,1,20220916,2,5,19,99.9,0,1898.1,0.0,1898.1,Em estoque
26,2,1,20221016,3,5,11,99.9,10,1098.9,109.89,989.01,Em estoque
26,2,1,20221120,4,5,9,99.9,5,899.1,44.96,854.14,Em estoque
26,2,1,20221218,4,5,16,99.9,0,1598.4,0.0,1598.4,Em estoque
26,2,1,20230119,1,5,20,99.9,0,1998.0,0.0,1998.0,Em estoque
26,2,1,20230220,2,5,10,99.9,0,999.0,0.0,999.0,Em estoque
26,2,1,20230326,4,5,28,99.9,0,2797.2,0.0,2797.2,Em estoque
26,2,1,20230430,3,5,5,99.9,0,499.5,0.0,499.5,Em estoque
26,2,1,20230527,2,5,17,99.9,15,1698.3,254.75,1443.56,Em estoque
26,2,1,20230630,2,5,7,99.9,0,699.3,0.0,699.3,Em estoque
26,2,1,20230726,4,5,12,99.9,5,1198.8,59.94,1138.86,Em estoque
26,2,1,20230830,4,5,8,99.9,15,799.2,119.88,679.32,Em estoque
26,2,1,20231002,2,5,28,99.9,20,2797.2,559.44,2237.76,Em estoque
26,2,1,20231027,1,5,17,99.9,5,1698.3,84.92,1613.39,Em estoque
26,2,1,20231121,1,5,5,99.9,20,499.5,99.9,399.6,Em estoque
26,2,1,20231226,1,5,9,99.9,0,899.1,0.0,899.1,Em estoque
26,2,1,20240121,3,5,9,99.9,15,899.1,134.87,764.24,Em estoque
26,2,1,20240224,1,5,30,99.9,0,2997.0,0.0,2997.0,Em estoque
26,2,1,20240321,3,5,27,99.9,0,2697.3,0.0,2697.3,Em estoque
26,2,1,20240418,2,5,20,99.9,20,1998.0,399.6,1598.4,Em estoque
26,2,1,20240522,4,5,10,99.9,0,999.0,0.0,999.0,Em estoque
26,2,1,20240621,4,5,9,99.9,0,899.1,0.0,899.1,Em estoque
26,2,1,20240716,3,5,25,99.9,10,2497.5,249.75,2247.75,Em estoque
26,2,1,20240811,1,5,6,99.9,0,599.4,0.0,599.4,Em estoque
26,2,1,20240913,3,5,8,99.9,10,799.2,79.92,719.28,Em estoque
26,2,1,20241014,2,5,5,99.9,0,499.5,0.0,499.5,Em estoque
26,2,1,20241108,2,5,18,99.9,5,1798.2,89.91,1708.29,Em estoque
26,2,1,20241205,3,5,25,99.9,0,2497.5,0.0,2497.5,Em estoque
26,2,1,20250102,4,5,26,99.9,15,2597.4,389.61,2207.79,Em estoque
26,2,1,20250128,4,5,10,99.9,0,999.0,0.0,999.0,Em estoque
26,2,1,20250225,1,5,14,99.9,0,1398.6,0.0,1398.6,Em estoque
26,2,1,20250323,3,5,8,99.9,0,799.2,0.0,799.2,Em estoque
26,2,1,20250418,1,5,24,99.9,0,2397.6,0.0,2397.6,Em estoque
26,2,1,20250515,4,5,21,99.9,0,2097.9,0.0,2097.9,Em estoque
26,2,1,20250618,2,5,26,99.9,5,2597.4,129.87,2467.53,Em estoque
26,2,1,20250715,3,5,24,99.9,20,2397.6,479.52,1918.08,Em estoque
26,2,1,20250813,3,5,8,99.9,0,799.2,0.0,799.2,Em estoque
26,2,1,20250914,3,5,13,99.9,20,1298.7,259.74,1038.96,Em estoque
26,2,1,20251010,1,5,9,99.9,20,899.1,179.82,719.28,Em estoque
26,2,1,20251114,2,5,15,99.9,0,1498.5,0.0,1498.5,Em estoque
26,2,1,20251215,4,5,28,99.9,20,2797.2,559.44,2237.76,Em estoque
26,2,1,20260116,1,5,8,99.9,10,799.2,79.92,719.28,Em estoque
26,2,1,20260216,3,5,9,99.9,0,899.1,0.0,899.1,Em estoque
26,2,1,20260318,2,5,10,99.9,20,999.0,199.8,799.2,Em estoque
26,2,1,20260418,3,5,15,99.9,5,1498.5,74.92,1423.58,Em estoque
26,2,1,20260519,4,5,27,99.9,5,2697.3,134.87,2562.44,Em estoque
26,2,1,20260622,3,5,9,99.9,20,899.1,179.82,719.28,Em estoque
26,2,1,20260727,2,5,17,99.9,5,1698.3,84.92,1613.39,Em estoque
27,3,1,20170522,4,2,78,29.0,10,2262.0,226.2,2035.8,Em estoque
27,3,1,20170619,4,2,20,29.0,10,580.0,58.0,522.0,Em estoque
27,3,1,20170720,2,2,99,29.0,0,2871.0,0.0,2871.0,Em estoque
27,3,1,20170817,3,2,10,29.0,0,290.0,0.0,290.0,Em estoque
27,3,1,20170911,3,2,81,29.0,5,2349.0,117.45,2231.55,Em estoque
27,3,1,20171008,1,2,17,29.0,0,493.0,0.0,493.0,Em estoque
27,3,1,20171107,2,2,47,29.0,5,1363.0,68.15,1294.85,Em estoque
27,3,1,20171204,4,2,41,29.0,0,1189.0,0.0,1189.0,Em estoque
27,3,1,20180101,1,2,27,29.0,0,783.0,0.0,783.0,Em estoque
27,3,1,20180128,4,2,13,29.0,15,377.0,56.55,320.45,Em estoque
27,3,1,20180228,3,2,16,29.0,15,464.0,69.6,394.4,Em estoque
27,3,1,20180326,1,2,71,29.0,20,2059.0,411.8,1647.2,Em estoque
27,3,1,20180429,2,2,13,29.0,0,377.0,0.0,377.0,Em estoque
27,3,1,20180529,2,2,20,29.0,0,580.0,0.0,580.0,Em estoque
27,3,1,20180624,1,2,82,29.0,20,2378.0,475.6,1902.4,Em estoque
27,3,1,20180725,2,2,33,29.0,5,957.0,47.85,909.15,Em estoque
27,3,1,20180821,3,2,70,29.0,5,2030.0,101.5,1928.5,Em estoque
27,3,1,20180920,4,2,92,29.0,15,2668.0,400.2,2267.8,Em estoque
27,3,1,20181015,3,2,24,29.0,0,696.0,0.0,696.0,Em estoque
27,3,1,20181109,1,2,87,29.0,20,2523.0,504.6,2018.4,Em estoque
27,3,1,20181206,2,2,11,29.0,5,319.0,15.95,303.05,Em estoque
27,3,1,20190106,4,2,80,29.0,15,2320.0,348.0,1972.0,Em estoque
27,3,1,20190204,3,2,100,29.0,0,2900.0,0.0,2900.0,Em estoque
27,3,1,20190307,2,2,44,29.0,0,1276.0,0.0,1276.0,Em estoque
27,3,1,20190409,4,2,26,29.0,15,754.0,113.1,640.9,Em estoque
27,3,1,20190507,4,2,89,29.0,0,2581.0,0.0,2581.0,Em estoque
27,3,1,20190604,4,2,33,29.0,20,957.0,191.4,765.6,Em estoque
27,3,1,20190707,1,2,98,29.0,5,2842.0,142.1,2699.9,Em estoque
27,3,1,20190808,3,2,93,29.0,15,2697.0,404.55,2292.45,Em estoque
27,3,1,20190908,4,2,31,29.0,0,899.0,0.0,899.0,Em estoque
27,3,1,20191008,4,2,34,29.0,0,986.0,0.0,986.0,Em estoque
27,3,1,20191103,1,2,19,29.0,0,551.0,0.0,551.0,Em estoque
27,3,1,20191207,3,2,13,29.0,0,377.0,0.0,377.0,Em estoque
27,3,1,20200105,2,2,79,29.0,0,2291.0,0.0,2291.0,Em estoque
27,3,1,20200131,2,2,86,29.0,0,2494.0,0.0,2494.0,Em estoque
27,3,1,20200229,2,2,80,29.0,0,2320.0,0.0,2320.0,Em estoque
27,3,1,20200404,1,2,40,29.0,0,1160.0,0.0,1160.0,Em estoque
27,3,1,20200430,1,2,82,29.0,20,2378.0,475.6,1902.4,Em estoque
27,3,1,20200601,1,2,16,29.0,0,464.0,0.0,464.0,Em estoque
27,3,1,20200627,3,2,11,29.0,0,319.0,0.0,319.0,Em estoque
27,3,1,20200726,4,2,74,29.0,0,2146.0,0.0,2146.0,Em estoque
27,3,1,20200825,4,2,55,29.0,0,1595.0,0.0,1595.0,Em estoque
27,3,1,20200929,1,2,52,29.0,5,1508.0,75.4,1432.6,Em estoque
27,3,1,20201101,1,2,74,29.0,20,2146.0,429.2,1716.8,Em estoque
27,3,1,20201128,1,2,85,29.0,20,2465.0,493.0,1972.0,Em estoque
27,3,1,20201229,4,2,85,29.0,20,2465.0,493.0,1972.0,Em estoque
27,3,1,20210123,3,2,30,29.0,0,870.0,0.0,870.0,Em estoque
27,3,1,20210227,4,2,20,29.0,15,580.0,87.0,493.0,Em estoque
27,3,1,20210325,2,2,37,29.0,20,1073.0,214.6,858.4,Em estoque
27,3,1,20210429,2,2,30,29.0,10,870.0,87.0,783.0,Em estoque
27,3,1,20210601,3,2,67,29.0,20,1943.0,388.6,1554.4,Em estoque
27,3,1,20210628,3,2,47,29.0,0,1363.0,0.0,1363.0,Em estoque
27,3,1,20210801,4,2,15,29.0,15,435.0,65.25,369.75,Em estoque
27,3,1,20210905,4,2,40,29.0,0,1160.0,0.0,1160.0,Em estoque
27,3,1,20211009,1,2,29,29.0,10,841.0,84.1,756.9,Em estoque
27,3,1,20211113,4,2,22,29.0,20,638.0,127.6,510.4,Em estoque
27,3,1,20211208,2,2,49,29.0,10,1421.0,142.1,1278.9,Em estoque
27,3,1,20220103,4,2,22,29.0,5,638.0,31.9,606.1,Em estoque
27,3,1,20220202,2,2,47,29.0,0,1363.0,0.0,1363.0,Em estoque
27,3,1,20220228,3,2,83,29.0,0,2407.0,0.0,2407.0,Em estoque
27,3,1,20220330,1,2,19,29.0,0,551.0,0.0,551.0,Em estoque
27,3,1,20220501,3,2,70,29.0,0,2030.0,0.0,2030.0,Em estoque
27,3,1,20220602,2,2,25,29.0,10,725.0,72.5,652.5,Em estoque
27,3,1,20220704,1,2,56,29.0,20,1624.0,324.8,1299.2,Em estoque
27,3,1,20220802,4,2,62,29.0,20,1798.0,359.6,1438.4,Em estoque
27,3,1,20220905,2,2,66,29.0,0,1914.0,0.0,1914.0,Em estoque
27,3,1,20221008,3,2,57,29.0,0,1653.0,0.0,1653.0,Em estoque
27,3,1,20221112,4,2,74,29.0,5,2146.0,107.3,2038.7,Em estoque
27,3,1,20221211,1,2,89,29.0,15,2581.0,387.15,2193.85,Em estoque
27,3,1,20230105,2,2,99,29.0,20,2871.0,574.2,2296.8,Em estoque
27,3,1,20230207,1,2,29,29.0,20,841.0,168.2,672.8,Em estoque
27,3,1,20230305,3,2,58,29.0,0,1682.0,0.0,1682.0,Em estoque
27,3,1,20230408,4,2,19,29.0,0,551.0,0.0,551.0,Em estoque
27,3,1,20230509,4,2,95,29.0,0,2755.0,0.0,2755.0,Em estoque
27,3,1,20230608,4,2,69,29.0,15,2001.0,300.15,1700.85,Em estoque
27,3,1,20230711,4,2,23,29.0,0,667.0,0.0,667.0,Em estoque
27,3,1,20230807,1,2,60,29.0,20,1740.0,348.0,1392.0,Em estoque
27,3,1,20230907,2,2,61,29.0,0,1769.0,0.0,1769.0,Em estoque
27,3,1,20231003,3,2,53,29.0,10,1537.0,153.7,1383.3,Em estoque
27,3,1,20231104,2,2,99,29.0,15,2871.0,430.65,2440.35,Em estoque
27,3,1,20231206,1,2,45,29.0,5,1305.0,65.25,1239.75,Em estoque
27,3,1,20231231,2,2,70,29.0,0,2030.0,0.0,2030.0,Em estoque
27,3,1,20240204,2,2,50,29.0,10,1450.0,145.0,1305.0,Em estoque
27,3,1,20240229,4,2,17,29.0,20,493.0,98.6,394.4,Em estoque
27,3,1,20240330,4,2,70,29.0,0,2030.0,0.0,2030.0,Em estoque
27,3,1,20240424,2,2,12,29.0,20,348.0,69.6,278.4,Em estoque
27,3,1,20240529,4,2,44,29.0,0,1276.0,0.0,1276.0,Em estoque
27,3,1,20240703,2,2,20,29.0,0,580.0,0.0,580.0,Em estoque
27,3,1,20240729,3,2,61,29.0,0,1769.0,0.0,1769.0,Em estoque
27,3,1,20240827,4,2,63,29.0,10,1827.0,182.7,1644.3,Em estoque
27,3,1,20240924,3,2,33,29.0,20,957.0,191.4,765.6,Em estoque
27,3,1,20241019,1,2,64,29.0,0,1856.0,0.0,1856.0,Em estoque
27,3,1,20241117,2,2,35,29.0,0,1015.0,0.0,1015.0,Em estoque
27,3,1,20241218,4,2,70,29.0,10,2030.0,203.0,1827.0,Em estoque
27,3,1,20250114,4,2,55,29.0,15,1595.0,239.25,1355.75,Em estoque
27,3,1,20250217,4,2,11,29.0,10,319.0,31.9,287.1,Em estoque
27,3,1,20250323,2,2,19,29.0,15,551.0,82.65,468.35,Em estoque
27,3,1,20250427,2,2,51,29.0,15,1479.0,221.85,1257.15,Em estoque
27,3,1,20250527,1,2,29,29.0,5,841.0,42.05,798.95,Em estoque
27,3,1,20250623,4,2,50,29.0,0,1450.0,0.0,1450.0,Em estoque
27,3,1,20250728,4,2,43,29.0,10,1247.0,124.7,1122.3,Em estoque
27,3,1,20250822,4,2,26,29.0,15,754.0,113.1,640.9,Em estoque
27,3,1,20250923,1,2,14,29.0,0,406.0,0.0,406.0,Em estoque
27,3,1,20251021,4,2,99,29.0,10,2871.0,287.1,2583.9,Em estoque
27,3,1,20251117,4,2,37,29.0,0,1073.0,0.0,1073.0,Em estoque
27,3,1,20251215,2,2,96,29.0,10,2784.0,278.4,2505.6,Em estoque
27,3,1,20260109,3,2,56,29.0,0,1624.0,0.0,1624.0,Em estoque
27,3,1,20260207,3,2,74,29.0,20,2146.0,429.2,1716.8,Em estoque
27,3,1,20260305,4,2,93,29.0,5,2697.0,134.85,2562.15,Em estoque
27,3,1,20260405,4,2,55,29.0,0,1595.0,0.0,1595.0,Em estoque
27,3,1,20260508,4,2,76,29.0,20,2204.0,440.8,1763.2,Em estoque
27,3,1,20260607,1,2,32,29.0,5,928.0,46.4,881.6,Em estoque
27,3,1,20260708,3,2,32,29.0,10,928.0,92.8,835.2,Em estoque
27,3,1,20260811,2,2,79,29.0,5,2291.0,114.55,2176.45,Esgotado
